Campaign_Date,Campaign_Name,Channel,Region,Customer_Segment,Impressions,Clicks,Conversions,Ad_Spend,Revenue,CTR,Conversion_Rate,CPC,Cost_Per_Conversion,ROI,ROAS,Month
2025-01-29,Product Launch,Facebook Ads,South,New Customer,68456,1407,88,8538.11,96420.99,2.055334813602898,6.2544420753375976,6.068308457711443,97.02397727272728,1029.301332496302,11.293013324963018,2025-01
2025-02-19,Retargeting,YouTube Ads,North,New Customer,16049,640,21,11840.8,26834.24,3.98778740108418,3.28125,18.50125,563.847619047619,126.62522802513348,2.2662522802513347,2025-02
2025-08-28,Lead Generation,Email,West,New Customer,5786,208,14,4576.14,29981.34,3.5948842032492228,6.730769230769231,22.00067307692308,326.8671428571429,555.1665814420013,6.551665814420013,2025-08
2025-10-10,Lead Generation,Instagram Ads,South,Returning Customer,74904,1342,57,17994.56,40684.17,1.7916266154010467,4.247391952309985,13.408763040238451,315.6940350877193,126.09149654117687,2.260914965411769,2025-10
2025-12-01,Product Launch,Google Ads,South,Returning Customer,35699,1897,51,12327.33,44236.67,5.313874338216757,2.688455455983131,6.498328940432262,241.71235294117648,258.85037554766524,3.588503755476652,2025-12
2025-12-18,Brand Awareness,Google Ads,East,New Customer,52691,2715,151,15991.93,299571.88,5.152682621320529,5.5616942909760585,5.890213627992634,105.90682119205299,1773.2690800922715,18.732690800922715,2025-12
2025-06-05,Retargeting,Google Ads,North,New Customer,42040,749,7,10645.24,18878.7,1.7816365366317792,0.9345794392523363,14.21260347129506,1520.7485714285715,77.34405236518859,1.7734405236518858,2025-06
2025-05-17,Lead Generation,LinkedIn Ads,East,New Customer,97990,2492,228,35812.49,583731.38,2.543116644555567,9.149277688603531,14.370983146067415,157.0723245614035,1529.965914126608,16.29965914126608,2025-05
2025-11-23,Product Launch,Instagram Ads,East,Returning Customer,62986,1684,126,8228.53,282562.37,2.6736100085733336,7.4821852731591445,4.886300475059383,65.30579365079366,3333.9349798809744,34.33934979880975,2025-11
2025-12-02,Lead Generation,Email,South,Returning Customer,43762,1931,122,11011.84,345129.94,4.412503998903158,6.317969963749352,5.7026618332470225,90.26098360655737,3034.1714009647794,31.3417140096478,2025-12
2025-06-03,Retargeting,Google Ads,North,Returning Customer,28600,1213,17,7705.6,41248.28,4.241258741258741,1.4014839241549877,6.352514427040396,453.27058823529416,435.3026370431894,5.353026370431893,2025-06
2025-03-22,Retargeting,YouTube Ads,West,Returning Customer,99774,3558,133,56809.45,394154.12,3.5660592940044498,3.7380550871275995,15.966680719505339,427.13872180451125,593.8178771313576,6.938178771313575,2025-03
2025-03-28,Seasonal Sale,LinkedIn Ads,South,Returning Customer,95777,3745,209,48267.26,238367.09,3.9101245601762424,5.580774365821095,12.88845393858478,230.94382775119618,393.84839744373306,4.938483974437331,2025-03
2025-09-21,Product Launch,Google Ads,West,New Customer,24810,389,18,3271.31,41946.87,1.5679161628375655,4.627249357326478,8.409537275064267,181.73944444444444,1182.2652087390068,12.822652087390068,2025-09
2025-09-15,Retargeting,Google Ads,West,New Customer,90703,3693,47,44346.75,90422.13,4.071530158870159,1.272678039534254,12.008326563769293,943.5478723404256,103.8979857599486,2.038979857599486,2025-09
2025-07-04,Seasonal Sale,Google Ads,North,New Customer,92347,3092,68,44833.49,78558.97,3.3482408740944485,2.1992238033635187,14.499835058214748,659.3160294117647,75.22385609507538,1.7522385609507536,2025-07
2025-06-29,Seasonal Sale,Facebook Ads,East,Returning Customer,62204,1543,73,26822.78,189215.38,2.480547874734744,4.73104342190538,17.38352559948153,367.4353424657534,605.4279235783913,7.054279235783913,2025-06
2025-07-05,Lead Generation,Instagram Ads,North,Returning Customer,25085,301,6,9394.28,9356.7,1.1999202710783337,1.9933554817275747,31.210232558139538,1565.7133333333334,-0.4000306569529536,0.9959996934304705,2025-07
2025-05-03,Lead Generation,Facebook Ads,West,New Customer,51854,1835,163,17641.51,315913.05,3.538781964747175,8.88283378746594,9.613901907356947,108.2301226993865,1690.7370174095074,17.907370174095075,2025-05
2025-04-06,Seasonal Sale,Facebook Ads,South,Returning Customer,79797,3220,216,21349.06,423576.82,4.035239420028322,6.70807453416149,6.630142857142857,98.83824074074074,1884.0537241452316,19.840537241452317,2025-04
2025-04-03,Lead Generation,Instagram Ads,West,New Customer,89269,844,29,8240.01,36518.16,0.9454569895484435,3.4360189573459716,9.763045023696682,284.13827586206895,343.1810155570199,4.4318101555702,2025-04
2025-01-03,Retargeting,Google Ads,South,New Customer,44779,1579,132,24497.85,253505.67,3.5262064807164073,8.359721342621912,15.514787840405319,185.5897727272727,934.8078300748842,10.348078300748842,2025-01
2025-01-02,Brand Awareness,Facebook Ads,South,Returning Customer,61207,2254,178,40347.19,327967.98,3.682585325207901,7.897071872227151,17.900261756876663,226.66960674157303,712.8644894477161,8.12864489447716,2025-01
2025-11-01,Retargeting,Facebook Ads,North,Returning Customer,99615,2658,165,31747.87,453983.12,2.668272850474326,6.207674943566591,11.944270127915726,192.41133333333332,1329.9640259330783,14.299640259330785,2025-11
2025-12-23,Seasonal Sale,Facebook Ads,West,Returning Customer,38980,1586,85,16527.18,238758.52,4.068753206772704,5.359394703656998,10.420668348045398,194.4374117647059,1344.6416146009178,14.44641614600918,2025-12
2025-05-28,Seasonal Sale,LinkedIn Ads,East,New Customer,61117,2017,95,21958.13,116607.01,3.300227432629219,4.709965294992563,10.886529499256321,231.1382105263158,431.0425341320048,5.310425341320048,2025-05
2025-10-12,Retargeting,Google Ads,West,New Customer,19141,751,31,8039.0,83184.79,3.923514967870017,4.1278295605858855,10.70439414114514,259.3225806451613,934.7653937056848,10.347653937056847,2025-10
2025-05-25,Lead Generation,Instagram Ads,West,Returning Customer,14344,616,13,9428.47,45687.62,4.294478527607362,2.1103896103896105,15.30595779220779,725.266923076923,384.5708794746126,4.845708794746126,2025-05
2025-11-26,Lead Generation,Instagram Ads,East,New Customer,20896,898,83,16001.15,94502.5,4.297473200612558,9.242761692650333,17.818652561247216,192.78493975903615,490.5981757561176,5.905981757561175,2025-11
2025-12-27,Seasonal Sale,Google Ads,North,New Customer,94353,4741,199,22638.92,461082.99,5.024747490805804,4.197426703227167,4.775136047247416,113.76341708542712,1936.6828011230218,20.36682801123022,2025-12
2025-09-19,Product Launch,Instagram Ads,West,Returning Customer,34813,1395,77,14760.09,229248.76,4.007123775601069,5.519713261648746,10.580709677419355,191.68948051948053,1453.166410231916,15.53166410231916,2025-09
2025-03-03,Lead Generation,Google Ads,West,New Customer,89431,2490,80,36830.87,214838.66,2.7842694367724836,3.2128514056224895,14.791514056224901,460.38587500000006,483.31139068938637,5.833113906893863,2025-03
2025-08-14,Retargeting,Google Ads,South,Returning Customer,70679,1786,86,9783.63,93919.26,2.52691747195065,4.8152295632698765,5.477956326987681,113.7631395348837,859.9633264953806,9.599633264953805,2025-08
2025-01-31,Lead Generation,YouTube Ads,West,Returning Customer,15681,298,37,2302.65,69744.64,1.9003890058032011,12.416107382550337,7.727013422818792,62.233783783783785,2928.885848913209,30.288858489132085,2025-01
2025-07-09,Retargeting,YouTube Ads,East,New Customer,77903,2903,106,24677.71,245432.77,3.726429020705236,3.6513951085084395,8.500761281433,232.80858490566038,894.5524523952992,9.945524523952992,2025-07
2025-09-25,Seasonal Sale,LinkedIn Ads,South,New Customer,8228,451,41,11618.78,122429.0,5.481283422459892,9.090909090909092,25.76226164079823,283.3848780487805,953.7164831419478,10.537164831419478,2025-09
2025-01-12,Lead Generation,Facebook Ads,North,Returning Customer,9582,283,15,7952.94,20332.12,2.9534543936547695,5.30035335689046,28.10226148409894,530.196,155.6553928484309,2.556553928484309,2025-01
2025-07-10,Retargeting,Google Ads,South,New Customer,83683,3493,251,18545.01,979553.15,4.174085537086385,7.185800171772115,5.309192671056398,73.88450199203187,5182.030853582717,52.82030853582717,2025-07
2025-01-25,Seasonal Sale,Email,East,Returning Customer,16397,388,33,5365.22,63760.44,2.3662865158260655,8.505154639175258,13.827886597938145,162.58242424242425,1088.403085055226,11.88403085055226,2025-01
2025-04-01,Product Launch,Facebook Ads,East,Returning Customer,43799,1660,102,16403.43,117762.69,3.7900408685129796,6.144578313253012,9.881584337349398,160.81794117647058,617.9150336240652,7.179150336240652,2025-04
2025-03-29,Retargeting,Google Ads,South,Returning Customer,42011,2263,104,33577.08,192173.95,5.386684439789579,4.595669465311533,14.83741935483871,322.8565384615385,472.3366951503823,5.723366951503824,2025-03
2025-11-28,Product Launch,Instagram Ads,North,Returning Customer,84183,3812,191,58128.6,513035.99,4.528230165235262,5.010493179433368,15.24884575026233,304.338219895288,782.5878999322193,8.825878999322192,2025-11
2025-10-01,Product Launch,Google Ads,South,New Customer,98254,1123,57,18617.47,89251.6,1.1429560119689783,5.075690115761353,16.57833481745325,326.6222807017544,379.39703944735777,4.793970394473578,2025-10
2025-10-28,Brand Awareness,YouTube Ads,North,New Customer,49264,2145,217,26436.89,330941.22,4.3540922377395255,10.116550116550115,12.324890442890442,121.8289861751152,1151.8160040761225,12.518160040761224,2025-10
2025-04-21,Lead Generation,Facebook Ads,South,New Customer,47317,2093,37,38097.32,126737.24,4.423357355707251,1.767797419971333,18.20225513616818,1029.6572972972972,232.66707474436527,3.3266707474436523,2025-04
2025-03-21,Retargeting,Email,East,New Customer,52914,1989,21,38925.62,81459.71,3.7589295838530448,1.0558069381598794,19.570447461035698,1853.6009523809525,109.27016705193135,2.0927016705193133,2025-03
2025-11-20,Product Launch,Facebook Ads,West,New Customer,89633,4034,50,69317.54,73578.42,4.50057456517131,1.2394645513138325,17.183326722855725,1386.3508,6.146900192938187,1.0614690019293818,2025-11
2025-05-20,Brand Awareness,Instagram Ads,West,New Customer,50254,1130,36,14782.0,47757.45,2.2485772276833687,3.185840707964602,13.08141592920354,410.6111111111111,223.07840616966578,3.230784061696658,2025-05
2025-08-02,Seasonal Sale,Instagram Ads,North,Returning Customer,45096,1621,117,19463.91,326016.67,3.594553840695405,7.217766810610734,12.007347316471314,166.35820512820513,1574.980361088805,16.749803610888048,2025-08
2025-01-18,Retargeting,Google Ads,North,New Customer,58785,3036,224,28439.44,557526.0,5.164582801735137,7.378129117259552,9.367404479578392,126.96178571428571,1860.397251141373,19.603972511413726,2025-01
2025-02-23,Product Launch,YouTube Ads,North,New Customer,57344,2884,114,16244.34,123530.69,5.029296875,3.952843273231623,5.6325728155339805,142.49421052631578,660.453733423457,7.60453733423457,2025-02
2025-04-07,Lead Generation,Email,East,New Customer,87643,3787,205,30037.42,721694.19,4.320938352178725,5.413255875363085,7.931719038817005,146.524,2302.650394075123,24.026503940751237,2025-04
2025-10-10,Brand Awareness,YouTube Ads,South,New Customer,73546,1599,43,26087.07,46596.84,2.174149511870122,2.689180737961226,16.314615384615383,606.6760465116279,78.62044300107294,1.7862044300107294,2025-10
2025-08-22,Product Launch,YouTube Ads,East,New Customer,76091,1475,43,23021.6,105106.09,1.93846841282149,2.9152542372881354,15.60786440677966,535.3860465116279,356.554236021823,4.56554236021823,2025-08
2025-08-28,Lead Generation,Instagram Ads,West,New Customer,70603,2592,180,45652.35,390810.05,3.671232100618954,6.944444444444445,17.612789351851852,253.62416666666667,756.0568075904089,8.560568075904088,2025-08
2025-11-30,Product Launch,YouTube Ads,North,New Customer,33412,1260,102,8685.42,256704.04,3.7711002035196937,8.095238095238095,6.893190476190476,85.15117647058824,2855.574284260289,29.555742842602893,2025-11
2025-12-10,Retargeting,Google Ads,South,New Customer,56658,1897,81,14295.87,120971.28,3.348159130219916,4.269899841855562,7.536041117554033,176.49222222222224,746.1973982695702,8.461973982695701,2025-12
2025-02-23,Retargeting,Google Ads,West,Returning Customer,54549,1250,119,20021.02,312328.04,2.2915177180149957,9.520000000000001,16.016816,168.2438655462185,1460.000639328066,15.60000639328066,2025-02
2025-03-28,Retargeting,Google Ads,West,Returning Customer,16549,687,54,9352.53,157722.25,4.151308236147199,7.860262008733625,13.613580786026201,173.19500000000002,1586.4126605314282,16.864126605314283,2025-03
2025-09-18,Brand Awareness,Facebook Ads,West,Returning Customer,76216,2793,264,19643.05,536716.23,3.6645848640705365,9.452201933404941,7.032957393483709,74.40549242424242,2632.3467078686863,27.323467078686864,2025-09
2025-08-24,Retargeting,Facebook Ads,East,New Customer,30739,1209,57,26327.86,141154.47,3.9331142847848013,4.714640198511166,21.776559139784947,461.8922807017544,436.1410688145561,5.361410688145561,2025-08
2025-05-03,Lead Generation,Facebook Ads,North,Returning Customer,26209,1150,106,21603.34,139185.45,4.38780571559388,9.217391304347826,18.78551304347826,203.80509433962266,544.2774589484775,6.442774589484775,2025-05
2025-02-23,Product Launch,LinkedIn Ads,West,Returning Customer,92968,2872,314,30717.75,1153164.01,3.0892350055933226,10.933147632311977,10.695595403899722,97.82722929936305,3654.0640509151876,37.54064050915188,2025-02
2025-08-04,Seasonal Sale,Facebook Ads,North,New Customer,20116,556,24,12368.51,89713.48,2.7639689799164846,4.316546762589928,22.245521582733815,515.3545833333334,625.3378135280644,7.253378135280644,2025-08
2025-07-16,Lead Generation,Facebook Ads,East,Returning Customer,25045,1292,66,21582.29,205062.09,5.158714314234379,5.108359133126935,16.704558823529414,327.00439393939394,850.140555056947,9.501405550569471,2025-07
2025-02-08,Lead Generation,Instagram Ads,West,New Customer,31327,740,23,13864.84,54875.58,2.362179589491493,3.1081081081081083,18.73627027027027,602.8191304347827,295.78949342365297,3.9578949342365295,2025-02
2025-12-31,Retargeting,Google Ads,East,Returning Customer,40709,1138,30,18559.29,104150.5,2.795450637451178,2.6362038664323375,16.308690685413005,618.643,461.1771786528471,5.611771786528472,2025-12
2025-08-16,Brand Awareness,LinkedIn Ads,East,Returning Customer,48617,2601,69,15960.0,89414.04,5.349980459510048,2.6528258362168398,6.136101499423298,231.30434782608697,460.23834586466165,5.602383458646616,2025-08
2025-08-25,Product Launch,Google Ads,North,New Customer,65139,1745,60,26490.38,122574.9,2.678886688466203,3.4383954154727796,15.180733524355302,441.5063333333334,362.71476664358903,4.62714766643589,2025-08
2025-05-12,Brand Awareness,YouTube Ads,West,Returning Customer,31905,1069,66,7562.44,163994.42,3.350572010656637,6.17399438727783,7.074312441534143,114.58242424242424,2068.538461131593,21.68538461131593,2025-05
2025-11-26,Product Launch,Email,East,Returning Customer,69148,1992,71,12939.97,160000.76,2.880777462833343,3.5642570281124497,6.495968875502007,182.25309859154927,1136.4847831950153,12.364847831950152,2025-11
2025-11-17,Product Launch,Google Ads,West,Returning Customer,77603,640,39,11993.37,125109.41,0.8247103849077999,6.09375,18.739640625,307.5223076923077,943.1547596713851,10.43154759671385,2025-11
2025-06-17,Brand Awareness,Google Ads,North,New Customer,47919,1588,97,22920.32,275393.98,3.3139255827542313,6.10831234256927,14.43345088161209,236.2919587628866,1101.5276401027559,12.01527640102756,2025-06
2025-02-06,Lead Generation,LinkedIn Ads,East,Returning Customer,88521,1756,75,27433.78,75166.78,1.983710080093989,4.271070615034168,15.622881548974942,365.7837333333333,173.99352185517273,2.7399352185517274,2025-02
2025-03-08,Product Launch,Email,North,New Customer,97905,3800,203,63249.61,305326.97,3.8813135182064245,5.342105263157895,16.644634210526316,311.574433497537,382.73336388951645,4.827333638895165,2025-03
2025-04-21,Brand Awareness,Email,West,New Customer,88400,4560,190,79446.54,355378.0,5.158371040723981,4.166666666666666,17.42248684210526,418.1396842105263,347.3171518860356,4.473171518860356,2025-04
2025-08-07,Product Launch,Email,West,New Customer,93150,465,21,8592.42,45343.58,0.499194847020934,4.516129032258064,18.478322580645163,409.16285714285715,427.7160567104495,5.277160567104494,2025-08
2025-07-28,Seasonal Sale,Google Ads,North,Returning Customer,63446,1833,63,23753.89,102435.61,2.889071021025754,3.436988543371522,12.959023458810693,377.045873015873,331.23719946501393,4.31237199465014,2025-07
2025-03-28,Lead Generation,Facebook Ads,South,Returning Customer,57428,2399,136,25735.76,149297.74,4.177404750296023,5.66902876198416,10.727703209670695,189.2335294117647,480.11785935212333,5.801178593521232,2025-03
2025-10-30,Retargeting,Google Ads,East,Returning Customer,52894,264,10,3567.26,21971.61,0.49911143040798583,3.787878787878788,13.512348484848486,356.726,515.9239864770159,6.15923986477016,2025-10
2025-06-28,Product Launch,LinkedIn Ads,West,Returning Customer,86149,4741,122,46202.25,325808.9,5.503255986720681,2.5732967728327356,9.74525416578781,378.70696721311475,605.1797260955906,7.051797260955906,2025-06
2025-01-13,Seasonal Sale,Instagram Ads,West,New Customer,11447,465,32,6369.77,116502.45,4.062199702978946,6.881720430107527,13.698430107526884,199.0553125,1728.9899007342492,18.28989900734249,2025-01
2025-10-27,Retargeting,Facebook Ads,East,New Customer,10499,538,38,6945.32,134392.0,5.124297552147824,7.063197026022305,12.909516728624535,182.77157894736843,1835.0008350947114,19.350008350947114,2025-10
2025-05-05,Retargeting,Google Ads,North,New Customer,44041,1168,96,16920.09,281263.05,2.652074203583025,8.21917808219178,14.486378424657534,176.2509375,1562.3023281791052,16.623023281791053,2025-05
2025-08-21,Product Launch,Facebook Ads,North,New Customer,36315,1029,30,22095.88,40023.7,2.833539859562164,2.9154518950437316,21.473158406219632,736.5293333333334,81.1364833625092,1.8113648336250918,2025-08
2025-09-08,Brand Awareness,Facebook Ads,North,New Customer,6299,205,8,7627.37,22392.52,3.2544848388633114,3.902439024390244,37.20668292682927,953.42125,193.5811426481212,2.935811426481212,2025-09
2025-05-06,Product Launch,Email,South,New Customer,9994,670,40,9611.88,69735.82,6.704022413448069,5.970149253731343,14.346089552238805,240.29699999999997,625.5169644231931,7.255169644231931,2025-05
2025-08-23,Seasonal Sale,Instagram Ads,South,New Customer,86163,4719,200,44024.77,596833.86,5.476828801225584,4.238186056367875,9.329258317440136,220.12384999999998,1255.677406151128,13.556774061511282,2025-08
2025-05-18,Retargeting,YouTube Ads,West,New Customer,12489,461,31,3709.15,74986.56,3.691248298502682,6.724511930585683,8.04587852494577,119.65,1921.6642627016975,20.21664262701697,2025-05
2025-02-18,Product Launch,Instagram Ads,North,New Customer,96647,3751,252,31260.37,743546.58,3.8811344376959447,6.718208477739269,8.333876299653426,124.04908730158729,2278.5597547309903,23.7855975473099,2025-02
2025-07-05,Brand Awareness,Google Ads,East,New Customer,37355,1663,111,26028.42,245591.32,4.451880605006023,6.674684305472038,15.651485267588694,234.49027027027026,843.5506265843261,9.43550626584326,2025-07
2025-07-24,Product Launch,Email,West,Returning Customer,78805,5585,510,41490.15,557919.77,7.087113761817143,9.131602506714414,7.428854073410922,81.35323529411765,1244.7041526723813,13.447041526723813,2025-07
2025-03-19,Lead Generation,Email,East,Returning Customer,73367,2989,212,42551.33,416895.0,4.074038736761759,7.0926731348277015,14.235975242556039,200.71382075471698,879.7461089935379,9.797461089935378,2025-03
2025-07-13,Brand Awareness,Instagram Ads,West,Returning Customer,82355,2939,172,38065.61,195801.4,3.5686964968732924,5.852330724736305,12.95189179993195,221.31168604651162,414.3787266248983,5.143787266248984,2025-07
2025-04-13,Seasonal Sale,Email,South,New Customer,95349,2852,143,19378.43,533988.32,2.991116844434656,5.014025245441795,6.794680925666199,135.5134965034965,2655.580921674253,27.55580921674253,2025-04
2025-04-15,Retargeting,Instagram Ads,West,New Customer,92173,3550,184,28929.8,388776.57,3.8514532455274324,5.183098591549296,8.149239436619718,157.2271739130435,1243.8619347524007,13.438619347524007,2025-04
2025-10-14,Product Launch,Instagram Ads,South,Returning Customer,6996,183,5,3361.92,10080.66,2.615780445969125,2.73224043715847,18.371147540983607,672.384,199.8483009708738,2.9984830097087376,2025-10
2025-11-20,Brand Awareness,Facebook Ads,West,New Customer,49387,2096,22,25134.18,77604.1,4.244031830238726,1.049618320610687,11.991498091603054,1142.4627272727273,208.75922747429993,3.0875922747429994,2025-11
2025-07-30,Lead Generation,Google Ads,North,New Customer,8089,109,7,5310.14,17167.52,1.3475089627889727,6.422018348623854,48.716880733944954,758.5914285714287,223.29693755720191,3.2329693755720186,2025-07
2025-09-07,Brand Awareness,Google Ads,East,New Customer,25659,797,68,15790.57,109730.71,3.1061226080517557,8.531994981179423,19.81250941028858,232.21426470588236,594.9129132133926,6.949129132133926,2025-09
2025-10-20,Lead Generation,Google Ads,North,New Customer,50178,2309,107,30035.28,155039.15,4.601618239068914,4.634040710264184,13.007916847119965,280.70355140186916,416.19012707722385,5.161901270772239,2025-10
2025-07-20,Seasonal Sale,Instagram Ads,West,New Customer,86268,3497,331,56155.29,747479.23,4.053646775165762,9.46525593365742,16.058132685158707,169.65344410876133,1231.0931703851943,13.310931703851942,2025-07
2025-01-24,Retargeting,Facebook Ads,West,New Customer,90042,2526,127,32214.89,404889.86,2.805357499833411,5.0277117973079966,12.753321456848772,253.66055118110236,1156.84073420707,12.568407342070701,2025-01
2025-10-27,Seasonal Sale,Instagram Ads,West,Returning Customer,75726,2386,23,42341.93,61790.58,3.150833267305813,0.9639564124056998,17.745989103101426,1840.9534782608696,45.932365388162516,1.4593236538816252,2025-10
2025-03-24,Product Launch,YouTube Ads,South,New Customer,75111,3795,295,30482.29,954787.11,5.0525222670447745,7.7733860342556,8.032223978919632,103.3297966101695,3032.2683105501587,31.322683105501586,2025-03
2025-10-24,Brand Awareness,Facebook Ads,East,New Customer,39565,666,28,11396.54,28643.57,1.6833059522305067,4.2042042042042045,17.111921921921923,407.01928571428573,151.33566854501453,2.513356685450145,2025-10
2025-06-28,Lead Generation,Facebook Ads,East,Returning Customer,94242,1595,127,16550.81,218286.74,1.6924513486555888,7.962382445141065,10.376683385579938,130.32133858267719,1218.8885619495359,13.188885619495359,2025-06
2025-10-25,Lead Generation,Email,West,New Customer,27884,587,13,7832.18,14881.91,2.1051499067565627,2.2146507666098807,13.342725724020443,602.4753846153847,90.00980569905185,1.9000980569905186,2025-10
2025-12-30,Brand Awareness,Google Ads,West,New Customer,22199,773,50,7507.28,132398.93,3.482138835082661,6.468305304010349,9.711875808538162,150.1456,1663.607191952345,17.63607191952345,2025-12
2025-07-25,Brand Awareness,Google Ads,South,Returning Customer,65038,952,33,16085.56,41701.39,1.4637596482056643,3.466386554621849,16.896596638655463,487.4412121212121,159.24736223047256,2.5924736223047256,2025-07
2025-02-09,Product Launch,Facebook Ads,North,New Customer,62786,3095,185,23819.43,214250.22,4.929442869429491,5.977382875605816,7.696100161550889,128.75367567567568,799.4766877293034,8.994766877293033,2025-02
2025-10-31,Seasonal Sale,Google Ads,North,New Customer,54294,1147,85,11067.77,215146.3,2.112572291597598,7.410636442894507,9.649319965126416,130.2090588235294,1843.8992678741968,19.43899267874197,2025-10
2025-04-23,Lead Generation,YouTube Ads,East,New Customer,83015,3184,217,58792.38,423492.19,3.8354514244413664,6.815326633165829,18.46494346733668,270.93262672811056,620.318160278594,7.203181602785939,2025-04
2025-12-06,Product Launch,LinkedIn Ads,South,New Customer,39178,1030,58,20638.88,135126.43,2.629026494461177,5.631067961165048,20.037747572815533,355.84275862068966,554.7178432162985,6.547178432162985,2025-12
2025-01-04,Seasonal Sale,Instagram Ads,West,New Customer,17665,600,12,11188.52,27371.65,3.396546844041891,2.0,18.647533333333335,932.3766666666667,144.64048864371694,2.4464048864371697,2025-01
2025-04-18,Product Launch,LinkedIn Ads,East,Returning Customer,5534,60,4,4260.59,6873.81,1.084206722081677,6.666666666666667,71.00983333333333,1065.1475,61.33469777659902,1.6133469777659901,2025-04
2025-11-12,Lead Generation,LinkedIn Ads,South,New Customer,96828,4843,391,86137.16,674417.53,5.001652414590821,8.07350815610159,17.785909560189964,220.29964194373403,682.9577037366915,7.829577037366915,2025-11
2025-04-24,Brand Awareness,Google Ads,North,New Customer,41132,846,24,13972.5,78096.25,2.0567927647573665,2.8368794326241136,16.51595744680851,582.1875,458.92825192342104,5.58928251923421,2025-04
2025-06-16,Brand Awareness,YouTube Ads,South,New Customer,41110,781,25,7243.59,53448.62,1.8997810751641937,3.201024327784891,9.274763124199744,289.7436,637.8747278628414,7.378747278628415,2025-06
2025-09-18,Seasonal Sale,Instagram Ads,North,New Customer,63754,4506,368,74934.39,577338.3,7.067791824826678,8.166888592987128,16.62991344873502,203.6260597826087,670.4583970057007,7.704583970057007,2025-09
2025-04-16,Retargeting,LinkedIn Ads,South,Returning Customer,68580,2970,147,47236.84,262986.32,4.330708661417323,4.94949494949495,15.904659932659932,321.3390476190476,456.7398665956487,5.567398665956487,2025-04
2025-08-12,Seasonal Sale,YouTube Ads,East,New Customer,27469,1357,45,18166.52,56359.42,4.940114310677491,3.316138540899042,13.387266028002948,403.70044444444443,210.23784412204427,3.1023784412204427,2025-08
2025-09-19,Retargeting,Facebook Ads,North,New Customer,69016,2890,178,33131.2,622560.21,4.187434797728063,6.159169550173011,11.464083044982697,186.13033707865168,1779.0753428792198,18.790753428792197,2025-09
2025-09-08,Product Launch,Google Ads,East,New Customer,51233,1445,56,18356.25,68849.44,2.8204477582807956,3.875432525951557,12.703287197231834,327.79017857142856,275.07355805243446,3.7507355805243447,2025-09
2025-01-14,Product Launch,Google Ads,East,New Customer,71708,1104,65,19529.26,192904.03,1.5395771740949404,5.88768115942029,17.689547101449275,300.4501538461538,887.7692754359357,9.877692754359357,2025-01
2025-07-17,Lead Generation,Facebook Ads,North,New Customer,63232,1929,86,21307.5,125014.54,3.0506705465587043,4.458268532918611,11.045878693623639,247.76162790697674,486.7161328170831,5.867161328170831,2025-07
2025-05-06,Retargeting,LinkedIn Ads,North,Returning Customer,98450,2001,93,38327.85,294164.36,2.0325038090401217,4.6476761619190405,19.154347826086955,412.1274193548387,667.495072121186,7.67495072121186,2025-05
2025-07-25,Lead Generation,LinkedIn Ads,West,New Customer,91437,1941,160,35198.9,416384.11,2.122773056858821,8.24317362184441,18.1344152498712,219.99312500000002,1082.9463704831683,11.829463704831685,2025-07
2025-05-20,Brand Awareness,Google Ads,West,New Customer,39409,443,4,10187.33,8286.69,1.1241087061331168,0.9029345372460496,22.996230248306997,2546.8325,-18.656900286925026,0.8134309971307497,2025-05
2025-03-03,Retargeting,Instagram Ads,West,New Customer,24324,893,61,15124.95,167653.97,3.671271172504522,6.83090705487122,16.937234042553193,247.95000000000002,1008.4596643294688,11.084596643294688,2025-03
2025-10-10,Seasonal Sale,Facebook Ads,East,Returning Customer,13738,805,63,9227.16,102878.77,5.859659339059543,7.82608695652174,11.46231055900621,146.46285714285713,1014.9559561121732,11.149559561121732,2025-10
2025-02-23,Brand Awareness,Google Ads,East,New Customer,29054,1260,49,9425.19,122986.8,4.336752254422799,3.888888888888889,7.480309523809524,192.35081632653063,1204.8734296072546,13.048734296072546,2025-02
2025-12-12,Brand Awareness,Google Ads,West,Returning Customer,34709,1159,90,7654.52,126319.1,3.3391915641476277,7.765314926660914,6.604417601380501,85.05022222222223,1550.2550127245079,16.50255012724508,2025-12
2025-01-12,Seasonal Sale,Facebook Ads,East,Returning Customer,90643,3117,96,49583.58,187037.09,3.438765265933387,3.079884504331088,15.907468719923003,516.495625,277.21578393492365,3.772157839349236,2025-01
2025-05-16,Brand Awareness,YouTube Ads,East,Returning Customer,5363,26,1,3815.19,2815.87,0.4848032817452918,3.8461538461538463,146.73807692307693,3815.19,-26.19319090268113,0.7380680909731887,2025-05
2025-11-26,Retargeting,Facebook Ads,North,New Customer,15358,439,15,3572.3,18978.07,2.85844511004037,3.416856492027335,8.1373576309795,238.15333333333334,431.2563334546371,5.31256333454637,2025-11
2025-05-24,Lead Generation,Instagram Ads,North,New Customer,8240,112,8,4435.75,24848.62,1.3592233009708738,7.142857142857142,39.604910714285715,554.46875,460.18982133799244,5.601898213379925,2025-05
2025-10-09,Brand Awareness,Email,East,Returning Customer,77201,2857,32,52451.92,50807.53,3.7007292651649593,1.12005600280014,18.359089954497723,1639.1225,-3.135042530378296,0.968649574696217,2025-10
2025-05-16,Retargeting,Facebook Ads,Unknown,Returning Customer,50689,1576,151,17579.89,370973.44,3.109155832626408,9.581218274111675,11.154752538071065,116.42311258278146,2010.214796565849,21.10214796565849,2025-05
2025-10-28,Product Launch,YouTube Ads,South,Returning Customer,6936,152,7,4348.43,24329.52,2.1914648212226067,4.605263157894736,28.60809210526316,621.2042857142858,459.501245277031,5.59501245277031,2025-10
2025-08-09,Retargeting,YouTube Ads,West,New Customer,96074,3523,247,30816.49,663071.02,3.666965047775673,7.011070110701106,8.7472296338348,124.7631174089069,2051.676002036572,21.51676002036572,2025-08
2025-12-06,Lead Generation,Facebook Ads,South,New Customer,48965,1789,122,24692.9,276145.8,3.6536301439803944,6.8194522079373945,13.802627166014535,202.40081967213115,1018.3206508753526,11.183206508753527,2025-12
2025-07-28,Retargeting,Instagram Ads,West,New Customer,82534,4768,280,22094.55,713389.7,5.77701310974871,5.87248322147651,4.633924077181208,78.90910714285714,3128.8039358122246,32.28803935812225,2025-07
2025-12-25,Seasonal Sale,Facebook Ads,North,Returning Customer,5882,266,10,5515.64,32718.93,4.522271336280177,3.7593984962406015,20.73548872180451,551.5640000000001,493.20278335786963,5.932027833578696,2025-12
2025-05-03,Lead Generation,Facebook Ads,East,New Customer,25224,964,82,16078.72,125443.97,3.8217570567713293,8.506224066390041,16.679170124481328,196.08195121951218,680.1862959240536,7.801862959240537,2025-05
2025-04-26,Product Launch,Google Ads,East,New Customer,35825,744,31,6274.8,68893.76,2.076762037683182,4.166666666666666,8.433870967741935,202.41290322580645,997.9435201121946,10.979435201121946,2025-04
2025-06-06,Seasonal Sale,Instagram Ads,North,Returning Customer,75740,1431,52,20497.9,83403.18,1.8893583311328228,3.6338225017470296,14.32417889587701,394.19038461538463,306.88646153996257,4.068864615399626,2025-06
2025-09-27,Retargeting,Instagram Ads,South,New Customer,33885,1490,114,22612.11,90431.75,4.397225911170135,7.651006711409396,15.175912751677853,198.35184210526316,299.9261899928843,3.999261899928843,2025-09
2025-01-17,Lead Generation,Google Ads,South,Returning Customer,45056,1441,84,23200.27,95126.9,3.1982421875,5.829285218598196,16.100117973629423,276.19369047619045,310.0249695369924,4.100249695369924,2025-01
2025-09-26,Product Launch,Facebook Ads,South,New Customer,8203,317,28,6878.35,42522.8,3.864439839083262,8.832807570977918,21.69826498422713,245.65535714285716,518.2122165926421,6.182122165926422,2025-09
2025-12-15,Seasonal Sale,YouTube Ads,North,New Customer,65241,3240,173,29602.76,401365.91,4.966202234791005,5.339506172839506,9.136654320987654,171.1142196531792,1255.8394892908634,13.558394892908634,2025-12
2025-08-07,Product Launch,Google Ads,South,New Customer,7244,89,3,3048.31,9077.69,1.228602981778023,3.3707865168539324,34.25067415730337,1016.1033333333334,197.79418759903032,2.977941875990303,2025-08
2025-11-15,Retargeting,Google Ads,North,Returning Customer,73619,4119,254,77216.49,735698.55,5.595023023947622,6.166545277980092,18.746416605972325,304.0019291338583,852.7738828843426,9.527738828843425,2025-11
2025-08-26,Product Launch,Instagram Ads,West,New Customer,26584,1316,57,22899.16,124774.21,4.95034607282576,4.331306990881459,17.400577507598783,401.739649122807,444.8855329191114,5.448855329191114,2025-08
2025-02-02,Brand Awareness,YouTube Ads,West,New Customer,13521,67,2,5994.89,2075.94,0.4955254788846979,2.9850746268656714,89.47597014925374,2997.445,-65.37150806770433,0.3462849193229567,2025-02
2025-10-12,Seasonal Sale,Facebook Ads,North,Returning Customer,55017,3867,293,39729.42,397420.65,7.028736572332188,7.576933023015258,10.273964313421256,135.59529010238907,900.3182779914735,10.003182779914734,2025-10
2025-02-06,Product Launch,Email,East,New Customer,38541,1534,154,27527.15,248460.26,3.9801769544121846,10.039113428943937,17.94468709256845,178.74772727272727,802.600741449805,9.02600741449805,2025-02
2025-04-13,Retargeting,Email,West,New Customer,34063,947,46,14424.65,111717.01,2.7801426768047444,4.857444561774024,15.231942977824708,313.579347826087,674.4867986398284,7.744867986398283,2025-04
2025-07-30,Retargeting,Google Ads,South,New Customer,75268,3220,98,18604.95,91458.29,4.278046447361429,3.0434782608695654,5.777934782608696,189.8464285714286,391.58041273962033,4.915804127396203,2025-07
2025-10-07,Product Launch,Email,North,New Customer,69952,1422,72,26645.07,155446.19,2.032822506861848,5.063291139240507,18.737742616033756,370.0704166666667,483.3956900845072,5.833956900845072,2025-10
2025-05-22,Retargeting,Facebook Ads,South,Returning Customer,98054,4235,287,58030.26,1012725.08,4.319048687457931,6.776859504132231,13.702540731995278,202.19602787456446,1645.1672282702161,17.451672282702162,2025-05
2025-08-27,Lead Generation,Instagram Ads,South,New Customer,44563,1029,63,8008.59,190142.69,2.309090501088347,6.122448979591836,7.782886297376093,127.1204761904762,2274.2342909301137,23.742342909301136,2025-08
2025-08-17,Lead Generation,Instagram Ads,East,New Customer,44752,2922,247,16797.01,674191.53,6.529317125491599,8.453114305270363,5.748463381245721,68.0040890688259,3913.7591749960266,40.137591749960265,2025-08
2025-05-13,Lead Generation,Instagram Ads,South,New Customer,7567,271,19,9078.65,55232.98,3.581340029073609,7.011070110701106,33.50055350553505,477.8236842105263,508.3831847246012,6.083831847246012,2025-05
2025-05-05,Brand Awareness,Google Ads,East,Returning Customer,21121,945,25,8172.68,33525.1,4.474219970645329,2.6455026455026456,8.648338624338624,326.9072,310.2093805214446,4.102093805214446,2025-05
2025-02-22,Product Launch,LinkedIn Ads,West,New Customer,6674,154,6,3806.83,6142.69,2.3074617920287683,3.896103896103896,24.719675324675325,634.4716666666667,61.35971398775359,1.6135971398775357,2025-02
2025-03-29,Brand Awareness,Facebook Ads,North,New Customer,81411,3846,78,42071.48,271619.88,4.72417732247485,2.02808112324493,10.939022360894437,539.3779487179488,545.6152243752774,6.456152243752775,2025-03
2025-04-08,Retargeting,Google Ads,South,New Customer,71275,2481,207,16984.7,608330.42,3.48088390038583,8.34340991535671,6.845908907698509,82.05169082125605,3481.6377092324274,35.81637709232427,2025-04
2025-04-05,Brand Awareness,Google Ads,North,New Customer,72081,996,9,20635.54,24313.59,1.3817788321471678,0.9036144578313252,20.718413654618473,2292.837777777778,17.82386116379799,1.17823861163798,2025-04
2025-07-07,Retargeting,Instagram Ads,South,New Customer,34140,1072,24,13615.56,28333.36,3.1400117164616286,2.2388059701492535,12.701082089552239,567.3149999999999,108.09544374230661,2.080954437423066,2025-07
2025-09-13,Retargeting,Email,North,Unknown,14327,916,38,15181.43,82440.86,6.393522719341105,4.148471615720524,16.573613537117904,399.5113157894737,443.03751359391043,5.430375135939104,2025-09
2025-03-14,Seasonal Sale,Google Ads,South,Returning Customer,75663,3623,250,63270.22,221366.31,4.788337760860658,6.900358818658569,17.463488821418714,253.08088,249.87441169004944,3.4987441169004945,2025-03
2025-12-28,Lead Generation,Instagram Ads,South,New Customer,28331,830,34,11230.62,39694.52,2.92965303024955,4.096385542168675,13.530867469879519,330.31235294117647,253.44905267919304,3.534490526791931,2025-12
2025-10-09,Retargeting,Google Ads,South,Returning Customer,28004,194,8,4587.08,11840.46,0.6927581774032281,4.123711340206185,23.644742268041238,573.385,158.12630257157056,2.581263025715706,2025-10
2025-01-18,Seasonal Sale,Email,South,Returning Customer,15492,348,16,7714.16,35426.33,2.2463206816421377,4.597701149425287,22.167126436781608,482.135,359.2376875771309,4.5923768757713095,2025-01
2025-06-13,Lead Generation,Google Ads,South,New Customer,59797,831,49,11892.64,55680.35,1.389701824506246,5.896510228640193,14.311239470517448,242.7069387755102,368.19167148757555,4.681916714875755,2025-06
2025-05-26,Retargeting,Email,South,New Customer,63095,462,11,6047.17,12031.94,0.732229178223314,2.380952380952381,13.089112554112555,549.7427272727273,98.96811235668916,1.9896811235668916,2025-05
2025-11-10,Retargeting,Facebook Ads,South,New Customer,18749,877,27,13925.29,76799.09,4.677582804416235,3.0786773090079818,15.878323831242874,515.7514814814815,451.50801168234193,5.51508011682342,2025-11
2025-09-10,Brand Awareness,YouTube Ads,South,Returning Customer,68217,2451,237,39924.44,576599.37,3.5929460398434405,9.66952264381885,16.28904120767034,168.45755274261603,1344.2265689888197,14.442265689888197,2025-09
2025-06-09,Brand Awareness,Google Ads,South,New Customer,94044,5823,378,90858.59,730939.5,6.191782569860916,6.491499227202473,15.603398591791173,240.3666402116402,704.480346877494,8.044803468774939,2025-06
2025-12-15,Lead Generation,Facebook Ads,North,New Customer,14045,281,20,6111.87,46494.88,2.0007119971520115,7.11743772241993,21.750427046263344,305.5935,660.730840152032,7.60730840152032,2025-12
2025-02-18,Retargeting,Google Ads,East,New Customer,25116,878,49,16186.94,161522.01,3.495779582736105,5.5808656036446465,18.43615034168565,330.3457142857143,897.8538871460573,9.978538871460573,2025-02
2025-06-25,Product Launch,YouTube Ads,South,Returning Customer,23667,333,17,6858.08,13796.25,1.407022436303714,5.105105105105105,20.594834834834835,403.4164705882353,101.1678195646595,2.011678195646595,2025-06
2025-11-23,Brand Awareness,LinkedIn Ads,East,Returning Customer,80057,2087,138,35668.04,196484.21,2.606892589030316,6.6123622424532815,17.090579779587927,258.4640579710145,450.8690973768112,5.508690973768113,2025-11
2025-03-06,Lead Generation,Facebook Ads,South,New Customer,79205,2508,183,11795.43,535306.93,3.1664667634619024,7.29665071770335,4.703122009569378,64.45590163934426,4438.257019879733,45.38257019879733,2025-03
2025-10-16,Retargeting,Email,South,Returning Customer,32302,949,72,13302.61,92092.11,2.937898582131137,7.586933614330875,14.01750263435195,184.75847222222222,592.2860250732751,6.922860250732751,2025-10
2025-02-19,Retargeting,LinkedIn Ads,North,New Customer,16283,582,30,11913.0,79313.06,3.574279923846957,5.154639175257731,20.469072164948454,397.1,565.7689918576345,6.657689918576345,2025-02
2025-01-04,Product Launch,Instagram Ads,West,New Customer,35935,1781,140,23758.47,338953.38,4.956170864060108,7.860752386299831,13.33996069623807,169.70335714285716,1326.663333118673,14.26663333118673,2025-01
2025-04-29,Lead Generation,Instagram Ads,West,Returning Customer,77534,3721,37,27537.08,142643.78,4.7991848737328135,0.9943563558183284,7.400451491534534,744.2454054054054,418.0061938302826,5.180061938302826,2025-04
2025-12-06,Retargeting,Facebook Ads,North,New Customer,99342,2330,180,23546.35,493473.91,2.3454329488031247,7.725321888412018,10.105729613733905,130.81305555555554,1995.7554355558293,20.957554355558294,2025-12
2025-06-13,Brand Awareness,Google Ads,East,New Customer,36624,1265,56,13331.93,202792.3,3.454019222367846,4.426877470355731,10.53907509881423,238.07017857142858,1421.1023460219187,15.211023460219186,2025-06
2025-08-11,Product Launch,YouTube Ads,West,New Customer,18440,865,59,14571.21,68640.91,4.690889370932755,6.820809248554912,16.845329479768786,246.96966101694915,371.0721347094717,4.710721347094717,2025-08
2025-12-24,Lead Generation,YouTube Ads,North,Returning Customer,51501,2602,100,41896.33,271916.92,5.052329080988718,3.843197540353574,16.101587240584166,418.9633,549.0232438020226,6.490232438020227,2025-12
2025-06-05,Product Launch,Instagram Ads,North,Returning Customer,92333,2315,50,43684.57,58184.82,2.5072292679756965,2.159827213822894,18.87022462203024,873.6914,33.193070230518465,1.3319307023051847,2025-06
2025-09-19,Brand Awareness,Facebook Ads,West,Returning Customer,6269,286,18,7078.69,45364.54,4.562131121390971,6.293706293706294,24.750664335664336,393.2605555555555,540.8606677224176,6.408606677224176,2025-09
2025-06-22,Lead Generation,Facebook Ads,East,Returning Customer,12868,514,8,9625.26,23215.15,3.994404724898974,1.556420233463035,18.726186770428015,1203.1575,141.18984837812175,2.4118984837812176,2025-06
2025-01-23,Product Launch,Email,North,New Customer,35251,670,30,9421.64,32336.04,1.9006553005588493,4.477611940298507,14.062149253731343,314.05466666666666,243.2103115805741,3.432103115805741,2025-01
2025-03-02,Seasonal Sale,YouTube Ads,South,New Customer,82909,3896,135,41789.87,369614.96,4.699127959570131,3.465092402464066,10.726352669404518,309.5545925925926,784.4606599637664,8.844606599637663,2025-03
2025-12-22,Brand Awareness,YouTube Ads,East,New Customer,89523,3336,168,35711.06,141082.59,3.726416675044402,5.0359712230215825,10.704754196642686,212.56583333333333,295.06693444551917,3.9506693444551915,2025-12
2025-11-17,Brand Awareness,Email,East,New Customer,43729,388,29,7986.21,45036.34,0.8872830387157264,7.474226804123711,20.583015463917526,275.3865517241379,463.92631799063633,5.639263179906363,2025-11
2025-05-14,Brand Awareness,Email,West,New Customer,20734,634,27,4656.96,98904.53,3.057779492620816,4.2586750788643535,7.345362776025237,172.48,2023.8002903181475,21.238002903181474,2025-05
2025-01-24,Seasonal Sale,Google Ads,West,Returning Customer,47429,1688,106,22826.76,136381.91,3.559003984903751,6.279620853080568,13.522962085308055,215.3467924528302,497.46503664996703,5.97465036649967,2025-01
2025-10-20,Seasonal Sale,Google Ads,South,New Customer,46337,1200,88,17657.96,82804.91,2.589723115436908,7.333333333333333,14.714966666666665,200.65863636363636,368.9381446101362,4.689381446101362,2025-10
2025-02-14,Retargeting,YouTube Ads,North,New Customer,45325,2421,96,25379.88,165804.76,5.34142305570877,3.965303593556382,10.483221809169764,264.37375000000003,553.2921353450056,6.532921353450056,2025-02
2025-06-28,Product Launch,Instagram Ads,West,New Customer,88600,4781,192,85863.21,625288.59,5.3961625282167045,4.015896256013386,17.959257477515166,447.20421875000005,628.23807775181,7.2823807775181,2025-06
2025-12-22,Retargeting,Google Ads,West,New Customer,67514,1975,176,29218.43,203104.61,2.925319193056255,8.91139240506329,14.7941417721519,166.01380681818182,595.1249947379102,6.951249947379102,2025-12
2025-12-24,Product Launch,Google Ads,East,Returning Customer,13433,370,19,6159.8,37569.98,2.754410779423807,5.135135135135135,16.648108108108108,324.2,509.9220753920583,6.099220753920582,2025-12
2025-03-04,Seasonal Sale,Email,West,New Customer,14111,466,31,6613.97,106637.28,3.3023882077811635,6.652360515021459,14.193068669527898,213.35387096774195,1512.3036542348996,16.123036542349,2025-03
2025-01-29,Seasonal Sale,Google Ads,West,New Customer,68753,2200,148,32683.59,146004.14,3.199860369729321,6.7272727272727275,14.856177272727273,220.83506756756756,346.72002065868537,4.4672002065868535,2025-01
2025-12-23,Retargeting,Google Ads,West,Returning Customer,85583,2234,55,23802.38,83088.66,2.6103314910671513,2.4619516562220234,10.654601611459267,432.77054545454547,249.07710909581309,3.490771090958131,2025-12
2025-12-31,Lead Generation,Instagram Ads,West,New Customer,78620,393,14,5763.31,36807.84,0.4998728059018061,3.5623409669211195,14.664910941475828,411.665,538.6579934100369,6.386579934100368,2025-12
2025-04-06,Retargeting,Email,East,New Customer,26751,1640,105,23558.31,227680.26,6.130611939740571,6.402439024390244,14.364823170731707,224.36485714285715,866.4541301986433,9.664541301986432,2025-04
2025-09-23,Product Launch,Email,South,New Customer,21453,750,7,17809.35,19638.58,3.4960145434205003,0.9333333333333335,23.7458,2544.192857142857,10.271177780210976,1.1027117778021098,2025-09
2025-10-18,Retargeting,Google Ads,South,New Customer,90844,2936,145,35777.33,147446.49,3.2319140504601296,4.938692098092643,12.18573910081744,246.74020689655174,312.12267656641785,4.121226765664178,2025-10
2025-02-24,Brand Awareness,Email,North,Returning Customer,43968,1753,58,30364.54,197231.96,3.986990538573508,3.308613804905876,17.32147176269253,523.5265517241379,549.5470044993272,6.495470044993271,2025-02
2025-06-02,Product Launch,Google Ads,West,Returning Customer,35077,1185,98,20657.4,308058.87,3.3782820651709096,8.270042194092827,17.43240506329114,210.78979591836736,1391.2761044468323,14.912761044468326,2025-06
2025-08-07,Product Launch,Facebook Ads,East,New Customer,39775,1135,72,11725.52,92458.94,2.8535512256442486,6.343612334801763,10.33085462555066,162.85444444444445,688.5274171209464,7.885274171209464,2025-08
2025-06-22,Lead Generation,Email,North,Returning Customer,63144,1257,106,20194.05,107192.18,1.990687951349297,8.43277645186953,16.06527446300716,190.50990566037734,430.8107090950057,5.308107090950057,2025-06
2025-04-06,Seasonal Sale,Email,North,New Customer,53570,397,21,5010.69,75953.52,0.7410864289714393,5.289672544080604,12.62138539042821,238.6042857142857,1415.829556408399,15.158295564083991,2025-04
2025-05-03,Product Launch,LinkedIn Ads,South,New Customer,51097,750,39,8191.31,88170.42,1.4677965438284046,5.2,10.921746666666667,210.03358974358974,976.3897349752359,10.763897349752359,2025-05
2025-01-12,Seasonal Sale,Email,East,New Customer,29503,538,25,10962.49,63039.01,1.823543368471003,4.646840148698884,20.376375464684013,438.4996,475.04280505615066,5.7504280505615055,2025-01
2025-01-04,Retargeting,Instagram Ads,East,New Customer,7779,348,14,9999.21,32729.93,4.473582722715002,4.022988505747127,28.733362068965516,714.2292857142857,227.32515868753634,3.2732515868753636,2025-01
2025-12-28,Brand Awareness,Google Ads,East,New Customer,91840,4212,514,29413.7,1287799.58,4.58623693379791,12.203228869895536,6.983309591642925,57.22509727626459,4278.230484434125,43.78230484434124,2025-12
2025-12-12,Lead Generation,Facebook Ads,South,New Customer,5755,125,9,4913.67,23336.37,2.172024326672459,7.199999999999999,39.30936,545.9633333333334,374.9274981836386,4.749274981836387,2025-12
2025-03-08,Seasonal Sale,Facebook Ads,South,Returning Customer,44263,221,6,7666.61,7422.35,0.4992883446671034,2.7149321266968327,34.690542986425335,1277.7683333333332,-3.1860235488697,0.968139764511303,2025-03
2025-05-25,Product Launch,Facebook Ads,South,Unknown,60087,2111,255,38127.68,387788.8,3.513239136585285,12.079583135954524,18.06143060161061,149.52031372549018,917.0794551360062,10.17079455136006,2025-05
2025-03-06,Seasonal Sale,YouTube Ads,South,New Customer,47281,1355,60,12426.56,213233.62,2.865844631035723,4.428044280442804,9.17089298892989,207.10933333333332,1615.9505124507507,17.159505124507508,2025-03
2025-03-23,Product Launch,Facebook Ads,South,New Customer,56482,1598,100,32177.01,342736.37,2.8292199284727877,6.25782227784731,20.135801001251565,321.77009999999996,965.1591617741983,10.651591617741985,2025-03
2025-04-15,Seasonal Sale,YouTube Ads,West,New Customer,59857,2953,231,29745.24,488928.02,4.933424662111365,7.822553335590925,10.072888587876736,128.76727272727274,1543.7185243756649,16.437185243756648,2025-04
2025-06-30,Product Launch,Instagram Ads,West,New Customer,22400,830,13,6709.66,51976.28,3.705357142857143,1.566265060240964,8.083927710843373,516.1276923076923,674.6484918758923,7.746484918758924,2025-06
2025-12-06,Retargeting,LinkedIn Ads,East,New Customer,45115,918,31,16773.08,81737.49,2.0347999556688463,3.376906318082789,18.27132897603486,541.0670967741936,387.3135405065736,4.873135405065736,2025-12
2025-04-15,Product Launch,Instagram Ads,North,Returning Customer,19249,325,31,5016.88,47275.84,1.6883993973712919,9.538461538461538,15.436553846153846,161.83483870967743,842.3354754349317,9.423354754349315,2025-04
2025-08-14,Product Launch,Instagram Ads,East,New Customer,51825,1609,79,24594.63,220407.03,3.104679208876025,4.909881914232442,15.285661901802362,311.32443037974684,796.159161573075,8.96159161573075,2025-08
2025-01-28,Brand Awareness,Instagram Ads,North,New Customer,29600,633,50,8999.97,83401.83,2.1385135135135136,7.898894154818326,14.217962085308056,179.99939999999998,826.6900889669633,9.266900889669634,2025-01
2025-01-16,Product Launch,Google Ads,South,New Customer,42706,1448,63,8730.25,54485.88,3.3906242682527044,4.350828729281768,6.02917817679558,138.57539682539684,524.1044643624181,6.24104464362418,2025-01
2025-10-04,Brand Awareness,Email,North,New Customer,24222,1220,64,16831.61,118235.28,5.036743456361985,5.245901639344262,13.796401639344262,262.99390625,602.4597171631234,7.024597171631234,2025-10
2025-11-29,Lead Generation,Facebook Ads,East,New Customer,46139,659,65,8683.4,170425.0,1.4282927675068815,9.863429438543248,13.176631259484067,133.5907692307692,1862.6528779049681,19.626528779049682,2025-11
2025-10-25,Brand Awareness,Google Ads,East,Returning Customer,46302,1681,110,24025.71,334440.25,3.630512720832793,6.543723973825104,14.292510410469959,218.41554545454545,1292.0098511136612,13.920098511136612,2025-10
2025-02-23,Retargeting,Email,North,New Customer,99684,4857,225,52720.96,390506.06,4.8723967738052245,4.632489190858554,10.854634548074943,234.31537777777777,640.7036214818546,7.407036214818547,2025-02
2025-10-15,Brand Awareness,Google Ads,West,New Customer,92838,3129,118,59546.14,195681.92,3.370387125961352,3.7711728986896773,19.030405880472994,504.62830508474576,228.62234227105236,3.2862234227105236,2025-10
2025-04-24,Lead Generation,YouTube Ads,South,New Customer,73159,3352,134,44072.16,265620.19,4.581801282138903,3.997613365155131,13.14801909307876,328.89671641791045,502.6938321153308,6.026938321153308,2025-04
2025-02-07,Retargeting,YouTube Ads,South,New Customer,13646,418,35,9745.78,111848.17,3.06316869412282,8.373205741626794,23.315263157894737,278.45085714285716,1047.657447633745,11.476574476337449,2025-02
2025-08-18,Seasonal Sale,YouTube Ads,East,New Customer,18543,696,51,14690.33,135377.45,3.7534379550234584,7.327586206896551,21.106795977011494,288.0456862745098,821.5412451592307,9.215412451592307,2025-08
2025-06-15,Seasonal Sale,Facebook Ads,West,Returning Customer,99496,4140,108,54967.2,240298.72,4.160971295328456,2.608695652173913,13.277101449275362,508.9555555555555,337.1674744211094,4.371674744211093,2025-06
2025-07-01,Brand Awareness,Google Ads,North,New Customer,27785,734,41,6766.39,101742.95,2.6417131545798096,5.5858310626703,9.218514986376022,165.0339024390244,1403.6518734509834,15.036518734509833,2025-07
2025-07-24,Brand Awareness,YouTube Ads,South,Returning Customer,83353,5406,288,26374.89,409461.33,6.485669382025843,5.3274139844617086,4.878817980022197,91.57947916666666,1452.4664936991205,15.524664936991208,2025-07
2025-09-02,Lead Generation,Facebook Ads,West,New Customer,36406,1589,99,23995.25,195702.29,4.364665165082679,6.230333543108873,15.100849590937697,242.37626262626262,715.5876267177879,8.155876267177879,2025-09
2025-12-25,Lead Generation,YouTube Ads,South,Returning Customer,93992,5126,204,42168.26,311363.2,5.453655630266406,3.979711275848615,8.226348029652751,206.7071568627451,638.3828500393424,7.383828500393424,2025-12
2025-11-29,Product Launch,YouTube Ads,West,New Customer,56428,2881,237,37987.02,747740.88,5.105621322747572,8.226310308920514,13.185359250260325,160.28278481012657,1868.4115258317186,19.684115258317185,2025-11
2025-11-05,Lead Generation,LinkedIn Ads,West,Returning Customer,28777,1148,63,12680.29,73750.87,3.9892970080272443,5.487804878048781,11.045548780487806,201.27444444444447,481.61816488424154,5.816181648842416,2025-11
2025-05-01,Product Launch,Facebook Ads,East,Unknown,62939,3511,225,28728.11,631827.85,5.578417197604029,6.408430646539448,8.18231557960695,127.68048888888889,2099.336642751646,21.993366427516463,2025-05
2025-09-16,Retargeting,Facebook Ads,South,Returning Customer,58026,2194,77,25205.19,113642.51,3.78106366111743,3.509571558796718,11.488236098450319,327.34012987012983,350.86948362618966,4.508694836261897,2025-09
2025-07-29,Brand Awareness,LinkedIn Ads,North,New Customer,91450,2199,80,39867.18,148841.65,2.4045926735921266,3.638017280582083,18.12968622100955,498.33975,273.34381313150317,3.7334381313150313,2025-07
2025-11-06,Retargeting,Facebook Ads,East,New Customer,34553,1217,147,19391.96,246412.6,3.522125430498076,12.078882497945768,15.934231717337715,131.91809523809522,1170.6946590236366,12.706946590236367,2025-11
2025-10-23,Lead Generation,Google Ads,East,New Customer,28548,568,56,11791.72,101345.43,1.9896314978282192,9.859154929577464,20.76007042253521,210.56642857142856,759.462656847347,8.59462656847347,2025-10
2025-07-13,Retargeting,Instagram Ads,North,Returning Customer,68221,341,18,7453.73,28176.07,0.4998460884478386,5.278592375366569,21.858445747800584,414.0961111111111,278.0130216683459,3.7801302166834594,2025-07
2025-03-09,Retargeting,YouTube Ads,East,New Customer,42265,938,87,8572.7,252940.89,2.2193304152371938,9.275053304904052,9.139339019189766,98.53678160919542,2850.5393866576455,29.50539386657646,2025-03
2025-04-24,Retargeting,Email,West,Returning Customer,45701,1649,140,17184.2,229926.96,3.608236143629242,8.489993935718617,10.42098241358399,122.74428571428572,1238.013756823128,13.380137568231282,2025-04
2025-08-08,Lead Generation,Instagram Ads,West,New Customer,56287,2866,112,45319.71,322715.47,5.091761863307691,3.907885554780181,15.81287857641312,404.6402678571429,612.0863527149666,7.120863527149666,2025-08
2025-08-08,Retargeting,Google Ads,South,New Customer,11727,259,9,8025.04,17376.73,2.208578494073506,3.474903474903475,30.984710424710425,891.6711111111111,116.5313817750441,2.165313817750441,2025-08
2025-08-06,Product Launch,Instagram Ads,South,New Customer,55717,2794,200,33511.91,512847.2,5.014627492506776,7.158196134574088,11.994241231209736,167.55955000000003,1430.3430929481488,15.303430929481488,2025-08
2025-08-25,Lead Generation,YouTube Ads,North,Returning Customer,37427,630,38,13814.38,90113.79,1.6832767787960563,6.031746031746032,21.9275873015873,363.5363157894737,552.3187432226418,6.523187432226419,2025-08
2025-10-25,Retargeting,Google Ads,South,Returning Customer,21692,460,20,2873.38,64124.56,2.1205974552830535,4.3478260869565215,6.246478260869566,143.669,2131.6769797242273,22.31676979724227,2025-10
2025-04-04,Lead Generation,Instagram Ads,West,Returning Customer,36625,2078,151,17856.51,268254.78,5.673720136518772,7.266602502406159,8.593123195380173,118.25503311258277,1402.2800088035121,15.022800088035122,2025-04
2025-09-10,Seasonal Sale,LinkedIn Ads,North,New Customer,29918,1068,20,16169.66,30044.6,3.5697573367203685,1.8726591760299627,15.140131086142322,808.483,85.8084832952579,1.858084832952579,2025-09
2025-12-23,Product Launch,Email,North,New Customer,46136,1494,86,17648.85,266671.49,3.2382521241546733,5.756358768406962,11.813152610441765,205.21918604651162,1410.985078347881,15.10985078347881,2025-12
2025-08-03,Retargeting,Email,South,Returning Customer,57409,2211,53,15710.93,67934.06,3.8513125119754745,2.397105382180009,7.105802804161013,296.43264150943395,332.3999915982058,4.323999915982058,2025-08
2025-09-15,Seasonal Sale,Email,West,New Customer,20577,347,8,3868.22,25739.99,1.6863488360791175,2.3054755043227666,11.147608069164265,483.5275,565.4220804400991,6.654220804400992,2025-09
2025-12-13,Seasonal Sale,Facebook Ads,Unknown,Returning Customer,90155,2708,101,12844.7,131061.32,3.003715822749709,3.7296898079763663,4.74324224519941,127.17524752475248,920.3532974689952,10.20353297468995,2025-12
2025-08-28,Lead Generation,Facebook Ads,West,Returning Customer,86731,3039,194,43895.63,451300.17,3.5039374618071966,6.383678841724251,14.444103323461665,226.26613402061855,928.1209541815438,10.28120954181544,2025-08
2025-11-11,Seasonal Sale,LinkedIn Ads,West,Returning Customer,32689,1747,66,31871.1,81182.73,5.344305423842883,3.777904979965655,18.243331425300514,482.8954545454545,154.72208364317515,2.5472208364317517,2025-11
2025-08-02,Product Launch,LinkedIn Ads,West,Returning Customer,16154,160,3,6326.36,11098.38,0.9904667574594527,1.875,39.53975,2108.7866666666664,75.43073742246726,1.7543073742246726,2025-08
2025-04-08,Product Launch,LinkedIn Ads,South,New Customer,99948,6141,411,88995.51,1090085.73,6.144194981390323,6.692721055202735,14.492022471910111,216.53408759124088,1124.8772213339753,12.248772213339752,2025-04
2025-01-16,Brand Awareness,YouTube Ads,East,New Customer,26341,872,80,11761.38,141452.79,3.310428609392202,9.174311926605505,13.487821100917431,147.01725,1102.6887150997588,12.026887150997588,2025-01
2025-06-03,Product Launch,Instagram Ads,East,Returning Customer,79681,1461,103,20241.87,139042.14,1.833561325786574,7.049965776865161,13.854804928131417,196.52300970873785,586.9036309392365,6.8690363093923645,2025-06
2025-01-16,Seasonal Sale,Instagram Ads,North,New Customer,51330,802,80,7605.96,147237.05,1.5624391194233391,9.975062344139651,9.483740648379053,95.0745,1835.8115214910413,19.35811521491041,2025-01
2025-07-17,Product Launch,LinkedIn Ads,West,Returning Customer,92759,3626,327,33317.76,868839.97,3.9090546469884324,9.018201875344731,9.188571428571429,101.88917431192661,2507.7382453082078,26.077382453082077,2025-07
2025-04-18,Lead Generation,Email,South,Returning Customer,73416,1085,46,9211.04,85920.36,1.4778794813119756,4.239631336405529,8.489437788018433,200.24,832.7975994024563,9.32797599402456,2025-04
2025-01-23,Brand Awareness,Email,West,Returning Customer,91807,2441,172,40534.27,222847.1,2.658838650647554,7.046292503072511,16.605600163867265,235.66436046511626,449.7745487953774,5.497745487953774,2025-01
2025-02-11,Seasonal Sale,LinkedIn Ads,West,Returning Customer,38313,1197,63,22043.43,144235.33,3.124265914963589,5.263157894736842,18.415563909774438,349.8957142857143,554.3234424043808,6.543234424043807,2025-02
2025-02-06,Brand Awareness,YouTube Ads,South,New Customer,51900,2706,220,33174.68,418892.98,5.213872832369942,8.130081300813007,12.259674796747968,150.794,1162.688833773227,12.62688833773227,2025-02
2025-11-24,Seasonal Sale,Facebook Ads,East,New Customer,83840,4215,222,61823.62,305953.58,5.0274332061068705,5.266903914590747,14.66752550415184,278.4847747747748,394.8813738179679,4.9488137381796795,2025-11
2025-06-14,Lead Generation,Facebook Ads,West,New Customer,39695,1006,35,6787.49,45853.66,2.534324222194231,3.4791252485089466,6.747007952286282,193.92828571428572,575.5613636263186,6.755613636263185,2025-06
2025-04-26,Brand Awareness,Google Ads,West,New Customer,35225,1120,100,14902.71,279261.17,3.179559971611072,8.928571428571429,13.30599107142857,149.0271,1773.8952177154356,18.738952177154356,2025-04
2025-05-30,Retargeting,Instagram Ads,East,New Customer,91072,1008,63,14659.02,206286.47,1.1068165846802531,6.25,14.542678571428572,232.68285714285716,1307.2323388603058,14.072323388603058,2025-05
2025-01-06,Seasonal Sale,Google Ads,South,New Customer,54156,270,10,3790.77,12951.52,0.4985597163749169,3.7037037037037033,14.039888888888889,379.077,241.65934625419112,3.416593462541911,2025-01
2025-02-01,Retargeting,Instagram Ads,North,Returning Customer,82209,1361,57,12126.01,157070.77,1.6555364984369108,4.1880969875091845,8.909632623071271,212.73701754385965,1195.3211320129208,12.953211320129208,2025-02
2025-05-25,Brand Awareness,Instagram Ads,East,Returning Customer,92453,4793,183,81218.01,199918.39,5.184255784019989,3.8180680158564573,16.94513039849781,443.81426229508196,146.15031813756582,2.461503181375658,2025-05
2025-10-21,Retargeting,Facebook Ads,North,New Customer,32829,1533,45,23422.97,76506.51,4.669651832221511,2.935420743639922,15.279171559034573,520.5104444444445,226.63026934671387,3.266302693467139,2025-10
2025-10-20,Retargeting,Instagram Ads,North,New Customer,85908,3500,150,62589.05,318075.58,4.074125809004983,4.285714285714286,17.882585714285714,417.26033333333334,408.1968491293605,5.081968491293605,2025-10
2025-06-26,Brand Awareness,Google Ads,East,Returning Customer,30938,406,26,10413.52,38318.62,1.312302023401642,6.403940886699508,25.649064039408866,400.52000000000004,267.96990834991436,3.6796990834991434,2025-06
2025-06-26,Lead Generation,Google Ads,West,New Customer,64164,1560,88,30712.15,211862.68,2.431269870955676,5.641025641025641,19.687275641025643,349.0017045454546,589.8334372552882,6.898334372552881,2025-06
2025-03-02,Retargeting,LinkedIn Ads,North,New Customer,59530,1317,58,12570.23,205873.55,2.2123299176885602,4.403948367501898,9.54459377372817,216.72810344827585,1537.7866594326433,16.377866594326434,2025-03
2025-03-18,Retargeting,Facebook Ads,North,New Customer,73199,2379,219,14553.7,777526.49,3.2500443995136545,9.205548549810844,6.117570407734343,66.45525114155251,5242.466108274872,53.42466108274871,2025-03
2025-03-27,Lead Generation,Google Ads,South,New Customer,65282,2060,20,18624.66,20411.73,3.1555405778009247,0.9708737864077669,9.04109708737864,931.233,9.59518187177645,1.0959518187177646,2025-03
2025-07-10,Retargeting,Instagram Ads,West,New Customer,52801,1054,66,10689.08,99213.34,1.9961743148804,6.261859582542694,10.141442125237191,161.9557575757576,828.1747353373722,9.281747353373722,2025-07
2025-01-07,Retargeting,Email,North,Returning Customer,14465,582,29,7665.53,89181.01,4.023505012098168,4.982817869415808,13.171013745704467,264.32862068965517,1063.40305236559,11.634030523655898,2025-01
2025-03-26,Retargeting,Google Ads,South,New Customer,8326,320,9,8881.69,12399.96,3.8433821763151577,2.8125,27.755281250000003,986.8544444444445,39.61261876962603,1.3961261876962603,2025-03
2025-09-19,Product Launch,Instagram Ads,West,New Customer,8659,208,13,5589.45,31217.9,2.4021249566924587,6.25,26.87235576923077,429.9576923076923,458.51470180429203,5.585147018042921,2025-09
2025-09-16,Lead Generation,Google Ads,East,New Customer,65289,2583,127,21581.68,167617.9,3.9562560308780954,4.916763453348819,8.355276809910956,169.9344881889764,676.6675254197078,7.766675254197078,2025-09
2025-02-16,Retargeting,Google Ads,East,New Customer,32594,1690,145,30992.64,230955.38,5.185003374854268,8.579881656804734,18.33884023668639,213.7423448275862,645.194278383513,7.45194278383513,2025-02
2025-12-07,Lead Generation,Instagram Ads,South,Returning Customer,9763,550,42,5120.36,50359.43,5.633514288640787,7.636363636363637,9.309745454545453,121.91333333333333,883.5134638970699,9.835134638970699,2025-12
2025-04-04,Seasonal Sale,Instagram Ads,East,Returning Customer,93657,3967,407,35800.76,1119098.87,4.235668449768838,10.259642046886816,9.024643307285103,87.96255528255529,3025.908137145692,31.25908137145692,2025-04
2025-08-12,Seasonal Sale,Instagram Ads,North,Returning Customer,15828,663,28,11425.26,92878.6,4.188779378316907,4.223227752639517,17.232669683257917,408.045,712.9232945245886,8.129232945245885,2025-08
2025-10-06,Retargeting,Email,West,New Customer,52588,1651,148,28160.19,271920.59,3.1394995055906287,8.964264082374317,17.056444579043003,190.27155405405404,865.6205799747801,9.656205799747802,2025-10
2025-01-03,Lead Generation,YouTube Ads,North,Returning Customer,16221,818,21,10832.7,70720.77,5.042845693853646,2.567237163814181,13.242909535452323,515.8428571428572,552.845274031405,6.528452740314049,2025-01
2025-05-09,Lead Generation,Instagram Ads,North,Returning Customer,16211,307,16,2899.71,24421.47,1.8937758312257107,5.211726384364821,9.445309446254072,181.231875,742.2038755599699,8.422038755599699,2025-05
2025-11-19,Lead Generation,Facebook Ads,East,Returning Customer,18569,904,39,13445.96,40665.9,4.868328935322311,4.314159292035398,14.873849557522123,344.7682051282051,202.439543178769,3.0243954317876898,2025-11
2025-09-06,Product Launch,LinkedIn Ads,North,New Customer,42860,1315,92,10805.32,290137.88,3.0681287914139057,6.996197718631179,8.216973384030418,117.4491304347826,2585.139172185553,26.85139172185553,2025-09
2025-08-17,Seasonal Sale,Facebook Ads,East,New Customer,76558,4391,304,27059.3,652454.04,5.735520781629614,6.923252106581644,6.162445912092918,89.0108552631579,2311.2007332044805,24.112007332044808,2025-08
2025-11-23,Lead Generation,Facebook Ads,West,New Customer,50337,2205,71,31770.82,120808.74,4.380475594493117,3.2199546485260773,14.408535147392291,447.476338028169,280.25061990845694,3.802506199084569,2025-11
2025-05-11,Lead Generation,Google Ads,West,Returning Customer,57311,1947,139,21132.41,211883.9,3.397253581336916,7.139188495120699,10.853831535695942,152.03172661870502,902.6490116366283,10.026490116366283,2025-05
2025-08-16,Product Launch,Google Ads,North,New Customer,18515,582,26,7107.72,100841.79,3.14339724547664,4.4673539518900345,12.212577319587629,273.37384615384616,1318.7642450743697,14.187642450743697,2025-08
2025-06-26,Product Launch,YouTube Ads,South,New Customer,76695,3289,113,38229.45,393433.55,4.288415150922485,3.4356947400425666,11.623426573426572,338.31371681415925,929.1373535324207,10.291373535324208,2025-06
2025-11-19,Lead Generation,LinkedIn Ads,East,Returning Customer,92227,3888,212,72970.69,666754.21,4.215685211489043,5.4526748971193415,18.76818158436214,344.2013679245283,813.7287998784169,9.137287998784169,2025-11
2025-11-07,Brand Awareness,Email,East,Returning Customer,29904,867,15,19101.64,17998.36,2.899277688603531,1.7301038062283738,22.031880046136102,1273.4426666666666,-5.775839142607644,0.9422416085739236,2025-11
2025-01-31,Lead Generation,Facebook Ads,North,Returning Customer,64935,2362,184,24909.02,477426.11,3.637483637483638,7.790008467400508,10.545732430143946,135.3751086956522,1816.6796204748318,19.16679620474832,2025-01
2025-03-07,Lead Generation,Google Ads,East,New Customer,48790,2363,126,19415.15,153805.63,4.843205574912892,5.332204824375793,8.216314007617436,154.08849206349208,692.1938795219197,7.921938795219197,2025-03
2025-07-25,Product Launch,Google Ads,East,Returning Customer,73580,1070,57,12466.0,191044.78,1.4541995107366132,5.327102803738318,11.650467289719627,218.7017543859649,1432.526712658431,15.32526712658431,2025-07
2025-04-11,Product Launch,Facebook Ads,South,New Customer,80148,3677,194,30203.78,165326.05,4.587762639117632,5.2760402502039705,8.214245308675551,155.68958762886598,447.3687399391731,5.473687399391731,2025-04
2025-11-16,Lead Generation,Instagram Ads,South,New Customer,10636,455,43,9862.45,66303.87,4.277924031590823,9.45054945054945,21.67571428571429,229.3593023255814,572.2859938453427,6.722859938453426,2025-11
2025-01-31,Lead Generation,Email,North,New Customer,82129,4336,403,55264.43,742033.62,5.279499324233827,9.294280442804428,12.745486623616236,137.13258064516128,1242.6965952602786,13.426965952602787,2025-01
2025-07-10,Lead Generation,Email,South,New Customer,7892,191,16,4003.41,53640.48,2.4201723264064876,8.37696335078534,20.960261780104712,250.213125,1239.8697610287234,13.39869761028723,2025-07
2025-03-07,Product Launch,Facebook Ads,North,New Customer,26672,935,49,9827.19,120208.75,3.505548890221956,5.240641711229946,10.510363636363637,200.55489795918368,1123.22606971067,12.2322606971067,2025-03
2025-10-30,Lead Generation,YouTube Ads,West,Returning Customer,10812,411,11,6524.61,18697.0,3.801331853496116,2.67639902676399,15.874963503649635,593.1463636363636,186.56118909789242,2.8656118909789248,2025-10
2025-08-23,Lead Generation,Email,North,New Customer,5654,260,14,7307.0,31835.91,4.598514326140785,5.384615384615385,28.103846153846153,521.9285714285714,335.6905706856439,4.356905706856439,2025-08
2025-10-05,Retargeting,Instagram Ads,West,Returning Customer,59633,2470,155,25036.77,475198.63,4.14200191169319,6.275303643724696,10.136344129554656,161.52754838709677,1798.0029372798488,18.980029372798487,2025-10
2025-07-21,Brand Awareness,Instagram Ads,North,New Customer,22143,363,27,8924.28,20736.63,1.639344262295082,7.43801652892562,24.584793388429755,330.5288888888889,132.36193844209282,2.323619384420928,2025-07
2025-12-16,Seasonal Sale,Facebook Ads,East,New Customer,60934,2398,150,33337.73,506839.11,3.935405520727344,6.255212677231025,13.902306088407007,222.25153333333336,1420.3168002140517,15.203168002140515,2025-12
2025-08-13,Brand Awareness,Facebook Ads,South,New Customer,72334,4706,138,61443.94,474173.98,6.5059308209140925,2.932426689332767,13.05651083722907,445.2459420289855,671.7180571428199,7.717180571428199,2025-08
2025-03-24,Retargeting,Facebook Ads,West,New Customer,34087,1505,62,20037.53,55332.21,4.415172939830434,4.119601328903655,13.31397342192691,323.1859677419355,176.14286790836994,2.7614286790836995,2025-03
2025-02-15,Seasonal Sale,Email,North,New Customer,16618,989,38,16004.9,29907.96,5.951378023829582,3.842264914054601,16.182912032355915,421.1815789473684,86.86752182144218,1.8686752182144217,2025-02
2025-03-30,Lead Generation,Google Ads,South,New Customer,13446,680,46,9671.51,79247.57,5.057266101442808,6.764705882352941,14.222808823529412,210.25021739130435,719.3919046767259,8.193919046767258,2025-03
2025-07-05,Retargeting,Google Ads,North,New Customer,92182,5110,353,26269.49,403134.79,5.543381571239505,6.908023483365949,5.1408003913894325,74.41781869688386,1434.6121679560583,15.346121679560584,2025-07
2025-07-08,Lead Generation,Google Ads,South,New Customer,53867,2135,154,29351.86,295360.03,3.9634655726140307,7.213114754098362,13.747943793911007,190.59649350649352,906.2736398988004,10.062736398988003,2025-07
2025-09-03,Product Launch,Google Ads,South,New Customer,56028,2399,149,19557.35,393953.48,4.281787677589777,6.210921217173823,8.152292621925803,131.25738255033556,1914.350001406121,20.14350001406121,2025-09
2025-02-15,Retargeting,LinkedIn Ads,North,Returning Customer,65101,2528,25,38467.23,49885.43,3.8831968786961797,0.9889240506329114,15.21646756329114,1538.6892,29.682927520385523,1.2968292752038553,2025-02
2025-09-14,Product Launch,Email,West,New Customer,32200,1129,13,18204.72,19769.26,3.506211180124224,1.1514614703277237,16.124641275465013,1400.363076923077,8.59414481519077,1.0859414481519076,2025-09
2025-12-18,Retargeting,Instagram Ads,West,Returning Customer,93074,4293,221,74513.92,493745.0,4.612458903668049,5.147915210808293,17.357074307011413,337.16705882352943,562.6211585701035,6.626211585701034,2025-12
2025-03-02,Retargeting,Google Ads,East,Returning Customer,66465,1806,103,35097.19,305455.38,2.7172195892575037,5.7032115171650055,19.433660022148395,340.7494174757282,770.3129224875267,8.703129224875267,2025-03
2025-04-15,Product Launch,Instagram Ads,South,Returning Customer,91436,5786,499,25816.75,1562605.66,6.3279233562273065,8.624265468371933,4.461933978568959,51.73697394789579,5952.681534275228,60.52681534275228,2025-04
2025-12-03,Seasonal Sale,Instagram Ads,East,Returning Customer,92892,1958,111,39166.22,136283.15,2.107824139861344,5.6690500510725235,20.00317671092952,352.84882882882886,247.96094695888442,3.479609469588844,2025-12
2025-01-14,Brand Awareness,Google Ads,East,New Customer,93559,4413,135,60665.39,379741.79,4.716809713656623,3.059143439836846,13.74697258101065,449.37325925925927,525.9611781940246,6.259611781940246,2025-01
2025-10-28,Lead Generation,Facebook Ads,North,Returning Customer,44148,2458,175,36037.28,509161.18,5.5676361330071575,7.119609438567942,14.661220504475182,205.9273142857143,1312.8735021067075,14.128735021067072,2025-10
2025-03-18,Retargeting,Facebook Ads,North,Returning Customer,87928,2844,155,15190.06,328270.9,3.2344645619142938,5.450070323488045,5.341090014064697,98.00038709677419,2061.0902129418846,21.610902129418847,2025-03
2025-08-18,Lead Generation,Instagram Ads,North,New Customer,25698,470,21,10625.39,35360.27,1.8289361039769632,4.468085106382979,22.607212765957446,505.9709523809523,232.79032581392306,3.3279032581392305,2025-08
2025-06-16,Product Launch,Instagram Ads,South,New Customer,47470,2484,36,17558.31,39358.2,5.232778597008637,1.4492753623188406,7.068562801932368,487.73083333333335,124.1571085144299,2.2415710851442987,2025-06
2025-03-07,Lead Generation,Google Ads,North,New Customer,97071,3693,210,59810.35,725387.35,3.80443180764595,5.686433793663688,16.19559978337395,284.81119047619046,1112.812414573732,12.128124145737319,2025-03
2025-02-01,Product Launch,Facebook Ads,North,Returning Customer,56660,2674,162,13866.92,260829.65,4.719378750441228,6.05833956619297,5.185833956619297,85.59827160493828,1780.9486893989438,18.809486893989437,2025-02
2025-04-06,Lead Generation,Instagram Ads,South,Returning Customer,58910,1965,59,28155.61,203477.93,3.3355966728908504,3.0025445292620865,14.328554707379135,477.2137288135593,622.6905401800921,7.22690540180092,2025-04
2025-02-27,Brand Awareness,Instagram Ads,South,New Customer,40450,2466,181,28001.98,527914.71,6.096415327564895,7.339821573398216,11.35522303325223,154.70707182320442,1785.2763626000733,18.852763626000733,2025-02
2025-04-14,Brand Awareness,LinkedIn Ads,West,New Customer,61463,307,21,3857.98,34631.39,0.4994874965426354,6.840390879478828,12.56671009771987,183.71333333333334,797.6560272474196,8.976560272474195,2025-04
2025-11-08,Brand Awareness,Email,North,New Customer,38757,1575,88,9520.91,217126.16,4.063782026472637,5.587301587301587,6.045022222222222,108.19215909090909,2180.5189840046805,22.805189840046804,2025-11
2025-05-14,Brand Awareness,Google Ads,North,New Customer,83012,4576,253,47653.24,225903.6,5.5124560304534285,5.528846153846153,10.413732517482517,188.35272727272726,374.05716799109575,4.740571679910957,2025-05
2025-08-05,Brand Awareness,Google Ads,North,Returning Customer,75247,2752,216,19405.02,308225.56,3.657288662670937,7.848837209302325,7.05124273255814,89.83805555555556,1488.3805324601572,15.883805324601571,2025-08
2025-03-08,Brand Awareness,Email,West,New Customer,77015,3044,195,33507.62,532019.25,3.9524767902356683,6.406044678055191,11.00775952693824,171.83394871794874,1487.7560089316996,15.877560089316995,2025-03
2025-06-27,Product Launch,Google Ads,North,New Customer,36390,1036,38,17566.14,92344.3,2.84693597142072,3.667953667953668,16.95573359073359,462.26684210526315,425.69488800613,5.2569488800613,2025-06
2025-09-04,Retargeting,Instagram Ads,West,New Customer,61116,2158,108,37253.72,210112.41,3.5309902480528828,5.004633920296571,17.263076923076923,344.9418518518519,464.00383639539893,5.640038363953989,2025-09
2025-10-21,Lead Generation,YouTube Ads,East,Returning Customer,18161,180,12,6386.59,33799.38,0.9911348494025659,6.666666666666667,35.48105555555556,532.2158333333333,429.224202586983,5.29224202586983,2025-10
2025-08-23,Brand Awareness,Instagram Ads,West,New Customer,37152,899,8,8678.53,10615.29,2.419788975021533,0.8898776418242491,9.653537263626252,1084.81625,22.316682663999547,1.2231668266399955,2025-08
2025-05-11,Product Launch,Facebook Ads,East,Returning Customer,85171,1975,62,17452.71,136397.7,2.3188644022026277,3.139240506329114,8.836815189873418,281.49532258064517,681.5273387342139,7.815273387342139,2025-05
2025-04-22,Product Launch,Email,North,New Customer,25836,1163,83,13541.9,147359.32,4.501470815915776,7.136715391229578,11.643938091143594,163.155421686747,988.1731514780054,10.881731514780054,2025-04
2025-02-23,Product Launch,Facebook Ads,East,New Customer,95367,2520,214,45133.23,342503.8,2.6424234798200636,8.492063492063492,17.910011904761905,210.90294392523367,658.8727861932327,7.588727861932327,2025-02
2025-10-17,Retargeting,Instagram Ads,West,New Customer,71543,1921,154,35506.99,500706.21,2.6850984722474593,8.01665799062988,18.483597084851638,230.56487012987012,1310.1623652131598,14.101623652131595,2025-10
2025-08-27,Lead Generation,YouTube Ads,South,New Customer,60648,1778,137,20815.36,409422.62,2.9316712834718377,7.705286839145106,11.707176602924635,151.93693430656936,1866.9254819517896,19.669254819517892,2025-08
2025-08-28,Retargeting,Facebook Ads,East,New Customer,31331,744,43,4325.95,110109.04,2.37464492036641,5.779569892473118,5.814448924731183,100.60348837209303,2445.314670765959,25.453146707659588,2025-08
2025-10-22,Seasonal Sale,YouTube Ads,East,Returning Customer,15763,615,18,12381.16,41757.53,3.90154158472372,2.9268292682926833,20.131967479674795,687.8422222222222,237.26670198915127,3.3726670198915127,2025-10
2025-04-22,Product Launch,YouTube Ads,North,Returning Customer,74444,3027,151,52616.51,185328.86,4.066143678469722,4.988437396762471,17.382395110670632,348.45370860927153,252.22567973436466,3.522256797343647,2025-04
2025-03-29,Seasonal Sale,Google Ads,West,Returning Customer,98109,4647,46,77748.69,86528.17,4.736568510534202,0.9898859479233915,16.7309425435765,1690.1889130434784,11.292125950932414,1.112921259509324,2025-03
2025-08-16,Brand Awareness,Google Ads,East,New Customer,24187,1083,94,18932.97,239604.44,4.477611940298507,8.679593721144968,17.48196675900277,201.4145744680851,1165.5406943548742,12.65540694354874,2025-08
2025-10-31,Brand Awareness,Google Ads,East,Returning Customer,16957,734,25,9505.73,77434.95,4.328595860116765,3.4059945504087197,12.95058583106267,380.2292,714.613396340944,8.146133963409438,2025-10
2025-11-01,Retargeting,Google Ads,East,New Customer,9379,281,11,4037.71,37517.42,2.996055016526282,3.9145907473309607,14.369074733096086,367.06454545454545,829.1756961247836,9.291756961247836,2025-11
2025-10-17,Lead Generation,Google Ads,East,New Customer,32959,959,78,13000.98,111162.83,2.909675657635244,8.13347236704901,13.556809176225235,166.67923076923077,755.0342358806798,8.550342358806798,2025-10
2025-07-27,Seasonal Sale,Email,South,New Customer,87018,1908,27,25623.85,50782.25,2.192649796593808,1.4150943396226416,13.42969077568134,949.0314814814815,98.18352823638917,1.9818352823638916,2025-07
2025-12-22,Lead Generation,Google Ads,West,New Customer,32105,695,17,11476.52,19489.87,2.1647718423921507,2.446043165467626,16.512978417266186,675.0894117647059,69.82386646823252,1.698238664682325,2025-12
2025-10-01,Retargeting,Facebook Ads,North,Returning Customer,5877,222,13,4994.45,14922.52,3.777437468095967,5.8558558558558556,22.497522522522523,384.1884615384615,198.78204807336144,2.9878204807336144,2025-10
2025-03-11,Brand Awareness,LinkedIn Ads,North,New Customer,53353,1291,87,10565.54,154620.53,2.419732723558188,6.738962044926414,8.183996901626646,121.44298850574714,1363.441811776776,14.63441811776776,2025-03
2025-08-08,Lead Generation,Google Ads,South,New Customer,88788,5063,269,47470.25,514413.61,5.702347164031176,5.31305550069129,9.375913490025676,176.4693308550186,983.6547311210704,10.836547311210705,2025-08
2025-08-19,Lead Generation,LinkedIn Ads,West,New Customer,89585,3085,166,33644.18,252381.01,3.443656862197913,5.380875202593193,10.90573095623987,202.6757831325301,650.1476035379671,7.501476035379671,2025-08
2025-10-17,Brand Awareness,Facebook Ads,East,New Customer,88308,5079,440,33801.72,1110355.53,5.751460796303846,8.663122661941328,6.655191966922623,76.82209090909092,3184.908371526656,32.84908371526656,2025-10
2025-11-03,Seasonal Sale,Google Ads,South,New Customer,56567,2464,174,27777.37,461616.07,4.3558965474569975,7.061688311688312,11.273283279220779,159.64005747126436,1561.8422478441985,16.618422478441985,2025-11
2025-12-27,Brand Awareness,Email,West,New Customer,62913,1468,99,25452.01,149716.42,2.333381018231526,6.743869209809264,17.337881471389643,257.0910101010101,488.2302419337413,5.882302419337413,2025-12
2025-12-15,Lead Generation,Instagram Ads,East,Returning Customer,7637,260,19,8567.26,62006.38,3.4044781982453842,7.307692307692308,32.951,450.9084210526316,623.7597551609265,7.237597551609266,2025-12
2025-09-12,Seasonal Sale,LinkedIn Ads,South,Returning Customer,77778,769,36,12118.98,45447.73,0.9887114608243976,4.681404421326398,15.759401820546163,336.6383333333333,275.0128311128494,3.7501283111284947,2025-09
2025-05-22,Seasonal Sale,Email,West,New Customer,47025,1780,194,21519.69,438963.35,3.7852206273258906,10.89887640449438,12.089713483146067,110.92623711340205,1939.821902638932,20.39821902638932,2025-05
2025-03-10,Brand Awareness,LinkedIn Ads,North,New Customer,87464,2161,21,10358.23,60622.26,2.4707308149638707,0.9717723276260991,4.7932577510411845,493.2490476190476,485.25694061630224,5.852569406163022,2025-03
2025-03-30,Lead Generation,Facebook Ads,North,New Customer,33742,617,56,10168.1,113531.62,1.8285815897101536,9.076175040518638,16.479902755267425,181.5732142857143,1016.5470441872127,11.16547044187213,2025-03
2025-12-25,Retargeting,Google Ads,West,Returning Customer,16831,973,75,13034.65,222106.42,5.780999346444061,7.7081192189105865,13.396351490236382,173.79533333333333,1603.9691898133053,17.039691898133054,2025-12
2025-05-16,Lead Generation,Email,North,New Customer,90092,4545,278,51305.75,299730.62,5.044843049327354,6.116611661166116,11.288393839383938,184.55305755395685,484.20473338758325,5.842047333875833,2025-05
2025-05-23,Product Launch,LinkedIn Ads,West,New Customer,95879,4798,273,78724.99,722130.61,5.004224074093388,5.689870779491455,16.40787619841601,288.36992673992677,817.2825680892432,9.172825680892432,2025-05
2025-12-05,Retargeting,YouTube Ads,East,New Customer,93370,4363,222,46289.95,467880.3,4.672807111491914,5.088242035296814,10.609660783864312,208.51328828828827,910.7600029812087,10.107600029812087,2025-12
2025-07-06,Seasonal Sale,Facebook Ads,West,New Customer,51762,852,70,8139.44,201183.48,1.6459951315636954,8.215962441314554,9.553333333333333,116.27771428571428,2371.7115673805574,24.717115673805573,2025-07
2025-01-11,Retargeting,Facebook Ads,East,New Customer,93741,2717,146,23387.95,406476.62,2.8984115808450945,5.373573794626426,8.608005152741995,160.19143835616438,1637.9745552731213,17.37974555273121,2025-01
2025-05-28,Seasonal Sale,Email,South,Returning Customer,23830,712,26,12554.1,74478.98,2.9878304657994126,3.651685393258427,17.632162921348314,482.85,493.2641925745374,5.932641925745374,2025-05
2025-10-19,Seasonal Sale,Facebook Ads,West,New Customer,60044,561,43,7862.78,110305.16,0.9343148357870895,7.66488413547237,14.015650623885918,182.8553488372093,1302.8773538112475,14.028773538112475,2025-10
2025-12-04,Retargeting,YouTube Ads,South,New Customer,78948,2103,198,36115.25,348495.47,2.663778689770482,9.4151212553495,17.173204945316215,182.4002525252525,864.9537799129175,9.649537799129176,2025-12
2025-02-07,Seasonal Sale,LinkedIn Ads,North,Returning Customer,74202,1989,19,24327.76,30358.79,2.6805207406808442,0.9552538964303671,12.231151332327801,1280.4084210526314,24.790732891149876,1.2479073289114988,2025-02
2025-12-11,Seasonal Sale,Facebook Ads,East,Returning Customer,42045,1551,176,22200.06,445874.54,3.688904744916161,11.347517730496454,14.313384912959382,126.13670454545455,1908.4384456618584,20.084384456618583,2025-12
2025-07-27,Product Launch,Email,West,New Customer,91322,6665,193,73556.79,479966.39,7.298350890256455,2.895723930982746,11.036277569392347,381.12326424870463,552.511331720702,6.525113317207019,2025-07
2025-07-29,Lead Generation,Email,South,New Customer,76051,2637,81,28918.49,243383.04,3.4674100274815585,3.0716723549488054,10.966435343193023,357.0183950617284,741.6173873532125,8.416173873532124,2025-07
2025-01-01,Lead Generation,Google Ads,East,New Customer,31627,1166,27,12810.61,34210.97,3.686723369273089,2.3156089193825045,10.98680102915952,474.4670370370371,167.05184218393973,2.670518421839397,2025-01
2025-12-26,Product Launch,YouTube Ads,East,Returning Customer,20198,631,34,10645.52,51278.4,3.124071690266363,5.388272583201268,16.870871632329635,313.1035294117647,381.68995032652236,4.8168995032652235,2025-12
2025-03-06,Retargeting,Instagram Ads,North,New Customer,74521,3432,78,40998.46,193056.59,4.60541323922116,2.272727272727273,11.945938228438228,525.621282051282,370.88741869816573,4.7088741869816575,2025-03
2025-01-01,Brand Awareness,LinkedIn Ads,North,Returning Customer,34475,651,16,8755.17,47390.68,1.8883248730964468,2.457757296466974,13.448801843317973,547.198125,441.2879475784023,5.412879475784022,2025-01
2025-08-31,Brand Awareness,Facebook Ads,East,Returning Customer,24403,1548,58,27272.98,195356.0,6.343482358726386,3.7467700258397936,17.618204134366923,470.22379310344826,616.2986956320872,7.1629869563208715,2025-08
2025-11-12,Brand Awareness,YouTube Ads,East,New Customer,8681,287,16,6644.41,30863.02,3.306070729178666,5.574912891986063,23.151254355400695,415.275625,364.4960199626453,4.644960199626453,2025-11
2025-01-25,Product Launch,Facebook Ads,West,New Customer,96555,2807,170,18058.18,157087.76,2.9071513645072757,6.056287851799073,6.433266832917706,106.22458823529412,769.898073892275,8.69898073892275,2025-01
2025-12-13,Product Launch,Google Ads,East,New Customer,98122,4861,418,29916.97,700523.97,4.9540368113165245,8.599053692655833,6.154488788315161,71.5716985645933,2241.5605591074227,23.41560559107423,2025-12
2025-02-19,Seasonal Sale,YouTube Ads,West,New Customer,47292,1023,87,5225.78,170779.14,2.1631565592489217,8.504398826979472,5.108289345063539,60.06643678160919,3168.012430680205,32.68012430680205,2025-02
2025-12-14,Brand Awareness,Google Ads,East,New Customer,10629,486,39,7332.23,146700.79,4.5723962743437765,8.024691358024691,15.086893004115225,188.00589743589742,1900.7663425724509,20.00766342572451,2025-12
2025-08-29,Retargeting,Facebook Ads,North,Returning Customer,98246,5509,266,40308.7,594143.72,5.607352971113327,4.8284625158831,7.316881466690869,151.53646616541351,1373.9838297935682,14.739838297935682,2025-08
2025-02-01,Retargeting,YouTube Ads,West,Returning Customer,82814,2598,25,12458.86,36464.59,3.137150723307653,0.962278675904542,4.795558121632025,498.3544,192.6799883777488,2.926799883777488,2025-02
2025-02-02,Brand Awareness,YouTube Ads,South,New Customer,13417,882,8,11734.69,13829.69,6.573749720503838,0.9070294784580499,13.304637188208618,1466.83625,17.85304937752936,1.1785304937752936,2025-02
2025-07-19,Brand Awareness,Instagram Ads,North,Returning Customer,39765,1776,142,28402.44,293221.39,4.466239155035836,7.995495495495495,15.992364864864864,200.01718309859154,932.3809855772955,10.323809855772955,2025-07
2025-08-22,Brand Awareness,Instagram Ads,West,New Customer,79499,3565,271,23022.87,893220.07,4.484333136265865,7.6016830294530155,6.458028050490883,84.95523985239852,3779.707742779245,38.79707742779245,2025-08
2025-01-26,Product Launch,Facebook Ads,West,New Customer,61574,3416,135,36409.28,142678.87,5.547796147724688,3.9519906323185015,10.658454332552694,269.69837037037036,291.8750109862101,3.918750109862101,2025-01
2025-02-11,Product Launch,Facebook Ads,South,New Customer,95545,5681,107,83124.17,164789.67,5.94588937150034,1.8834712198556591,14.631960922372821,776.8614018691588,98.24519150085952,1.982451915008595,2025-02
2025-03-02,Product Launch,Facebook Ads,West,New Customer,32675,1271,36,23654.07,114774.8,3.88982402448355,2.832415420928403,18.61059795436664,657.0575,385.222204889053,4.852222048890529,2025-03
2025-02-10,Lead Generation,Email,East,Returning Customer,77267,3627,215,49695.21,231449.43,4.694112622464959,5.927763992280121,13.701464019851116,231.14051162790696,365.73790512204295,4.657379051220429,2025-02
2025-05-10,Retargeting,Email,South,Returning Customer,45563,2549,151,23799.19,477162.48,5.594451638390799,5.923891722244017,9.336677128285602,157.6105298013245,1904.9526055298522,20.04952605529852,2025-05
2025-12-21,Retargeting,LinkedIn Ads,North,New Customer,16332,286,23,6995.53,36555.01,1.751163360274308,8.041958041958042,24.459895104895104,304.1534782608696,422.548112866359,5.22548112866359,2025-12
2025-12-20,Seasonal Sale,LinkedIn Ads,North,New Customer,24177,218,9,5303.39,21803.95,0.9016834181246639,4.128440366972478,24.327477064220187,589.2655555555556,311.1323134825084,4.111323134825083,2025-12
2025-07-17,Product Launch,Google Ads,East,New Customer,94254,3217,157,27337.12,172044.62,3.413117745665967,4.880323282561393,8.497705937208579,174.12178343949043,529.3443493681851,6.293443493681851,2025-07
2025-10-14,Lead Generation,Instagram Ads,North,New Customer,73447,638,53,13160.42,82873.65,0.8686535869402425,8.307210031347962,20.627617554858933,248.3098113207547,529.7188843517151,6.2971888435171515,2025-10
2025-05-31,Lead Generation,Google Ads,West,Returning Customer,62104,1881,18,22254.3,37027.92,3.028790416076259,0.9569377990430622,11.8311004784689,1236.35,66.3854625847589,1.663854625847589,2025-05
2025-07-23,Retargeting,Instagram Ads,West,Returning Customer,89335,3547,223,63955.35,333985.6,3.9704483125314827,6.287003101212292,18.030828869467154,286.7952914798206,422.2168278337934,5.222168278337934,2025-07
2025-07-01,Product Launch,Facebook Ads,East,New Customer,85730,2646,123,39582.66,269027.15,3.086434153738481,4.648526077097506,14.959433106575965,321.810243902439,579.659098201081,6.79659098201081,2025-07
2025-07-26,Seasonal Sale,YouTube Ads,North,New Customer,9951,327,23,7433.65,29692.7,3.2861018993066025,7.033639143730887,22.732874617737004,323.20217391304345,299.4363468820835,3.9943634688208354,2025-07
2025-05-27,Product Launch,Facebook Ads,North,New Customer,33333,665,45,10255.0,111507.65,1.995019950199502,6.7669172932330826,15.421052631578947,227.88888888888889,987.349098000975,10.87349098000975,2025-05
2025-07-23,Brand Awareness,Google Ads,East,New Customer,26673,1248,46,14996.78,162884.45,4.678888763918569,3.685897435897436,12.016650641025642,326.01695652173913,986.1294891303335,10.861294891303334,2025-07
2025-02-17,Product Launch,Google Ads,South,New Customer,45870,873,36,11052.53,42302.73,1.9032047089601045,4.123711340206185,12.660400916380299,307.01472222222225,282.7425033001494,3.827425033001494,2025-02
2025-09-15,Brand Awareness,Email,North,New Customer,76101,380,3,6619.94,4324.04,0.49933640819437325,0.7894736842105263,17.420894736842104,2206.6466666666665,-34.68158321676631,0.6531841678323369,2025-09
2025-05-19,Brand Awareness,Instagram Ads,South,Returning Customer,27821,887,65,14919.83,217138.92,3.188239099960462,7.328072153325817,16.82055242390079,229.53584615384617,1355.3712743375763,14.553712743375764,2025-05
2025-06-21,Seasonal Sale,Google Ads,North,Returning Customer,30494,1485,90,27618.43,227687.78,4.869810454515642,6.0606060606060606,18.59826936026936,306.8714444444444,724.4052250616708,8.244052250616708,2025-06
2025-04-11,Retargeting,Google Ads,North,New Customer,79160,2865,257,49418.79,269960.42,3.619252147549267,8.970331588132636,17.249141361256545,192.29101167315176,446.2708010455132,5.462708010455132,2025-04
2025-07-06,Product Launch,Email,North,New Customer,5835,102,4,3511.7,9690.26,1.7480719794344475,3.9215686274509802,34.42843137254902,877.925,175.94213628726828,2.759421362872683,2025-07
2025-11-11,Brand Awareness,Google Ads,North,New Customer,23646,863,67,15346.26,89854.08,3.649665905438552,7.76361529548088,17.782456546929318,229.04865671641792,485.51125811761307,5.85511258117613,2025-11
2025-10-21,Product Launch,LinkedIn Ads,West,New Customer,82360,3424,96,38880.3,111697.16,4.157357940747937,2.803738317757009,11.355227803738318,405.003125,187.2847174533118,2.8728471745331183,2025-10
2025-12-29,Retargeting,Email,South,Returning Customer,42335,1539,15,12573.12,56964.42,3.635289949214598,0.9746588693957114,8.169668615984406,838.2080000000001,353.06511033060997,4.5306511033061,2025-12
2025-01-21,Retargeting,Google Ads,South,New Customer,74351,2307,121,35966.71,375979.88,3.1028499952925985,5.244906805374946,15.59025140875596,297.24553719008264,945.3552187564557,10.453552187564556,2025-01
2025-10-25,Lead Generation,Google Ads,North,New Customer,7429,314,12,3777.12,31176.83,4.22667923004442,3.821656050955414,12.029044585987261,314.76,725.4127483373576,8.254127483373576,2025-10
2025-01-10,Retargeting,YouTube Ads,North,New Customer,46950,418,12,7217.48,19850.9,0.8903088391906283,2.8708133971291865,17.2666985645933,601.4566666666666,175.03921036151127,2.7503921036151127,2025-01
2025-07-06,Seasonal Sale,Facebook Ads,South,Returning Customer,65654,1417,109,14318.73,116438.31,2.1582843391110975,7.6923076923076925,10.104961185603386,131.36449541284404,713.1888093427281,8.13188809342728,2025-07
2025-05-13,Brand Awareness,Facebook Ads,West,New Customer,73143,1128,96,19101.6,290913.96,1.5421844879209219,8.51063829787234,16.93404255319149,198.975,1422.9821585626337,15.229821585626338,2025-05
2025-02-02,Lead Generation,LinkedIn Ads,East,New Customer,96186,5311,306,86365.16,257876.28,5.521593579107146,5.761626812276408,16.261562794200717,282.23908496732025,198.58831964185558,2.9858831964185555,2025-02
2025-03-10,Seasonal Sale,YouTube Ads,East,New Customer,82527,3769,190,53252.5,327325.92,4.5669901971476,5.041124966834705,14.129079331387636,280.2763157894737,514.6677057415144,6.146677057415144,2025-03
2025-03-21,Product Launch,YouTube Ads,South,Returning Customer,91704,3464,195,38163.91,320163.27,3.777370670854052,5.62933025404157,11.017295034642034,195.712358974359,738.916321729089,8.389163217290891,2025-03
2025-07-10,Brand Awareness,Email,North,Returning Customer,36099,477,18,10596.01,37733.67,1.3213662428322115,3.7735849056603774,22.213857442348008,588.6672222222222,256.1120648244009,3.5611206482440085,2025-07
2025-04-11,Retargeting,Facebook Ads,North,New Customer,44385,2048,141,28630.81,183689.52,4.614171454320153,6.884765625,13.9798876953125,203.055390070922,541.5798924305669,6.415798924305669,2025-04
2025-10-12,Brand Awareness,Google Ads,West,Returning Customer,40919,2283,37,24109.82,61324.43,5.579315232532564,1.6206745510293472,10.560586946999562,651.6167567567568,154.3545741942495,2.543545741942495,2025-10
2025-08-09,Product Launch,Email,East,Returning Customer,65782,2866,80,27781.18,251730.82,4.356814934176523,2.7913468248429867,9.693363572923936,347.26475,806.1199704260222,9.061199704260222,2025-08
2025-02-22,Lead Generation,Instagram Ads,West,Returning Customer,76116,2623,92,27284.02,197066.34,3.4460560197593146,3.5074342356080828,10.401837590545178,296.5654347826087,622.2775089594569,7.222775089594569,2025-02
2025-06-09,Lead Generation,Facebook Ads,East,Returning Customer,77590,3450,236,44588.24,320846.54,4.446449284701637,6.840579710144927,12.924127536231884,188.93322033898303,619.5765968784594,7.1957659687845945,2025-06
2025-02-11,Lead Generation,YouTube Ads,South,Returning Customer,94626,3699,175,51981.19,493882.71,3.9090736161308732,4.731008380643417,14.052768315761018,297.03537142857147,850.1181292694531,9.50118129269453,2025-02
2025-02-16,Retargeting,Google Ads,East,New Customer,45387,2219,197,27478.57,239896.25,4.88906515081411,8.877872915727805,12.383312302839117,139.4851269035533,773.0303287252575,8.730303287252575,2025-02
2025-06-08,Seasonal Sale,Instagram Ads,West,Returning Customer,20823,1011,75,21878.48,139329.45,4.855208183258897,7.418397626112759,21.64043521266073,291.71306666666663,536.8333174882351,6.368333174882351,2025-06
2025-07-03,Seasonal Sale,Google Ads,West,New Customer,51015,1616,56,10095.96,155408.06,3.16769577575223,3.4653465346534658,6.2475,180.285,1439.3093871211854,15.393093871211851,2025-07
2025-09-03,Brand Awareness,Instagram Ads,West,Returning Customer,20339,510,36,8973.12,55616.49,2.507497910418408,7.0588235294117645,17.59435294117647,249.25333333333336,519.8121723547662,6.198121723547661,2025-09
2025-01-11,Retargeting,Google Ads,South,New Customer,8491,246,11,6677.55,18317.41,2.8971852549758568,4.471544715447155,27.14451219512195,607.0500000000001,174.31333348308885,2.7431333348308886,2025-01
2025-06-03,Lead Generation,Google Ads,East,Returning Customer,5706,245,16,5719.15,39211.48,4.29372590255871,6.530612244897959,23.3434693877551,357.446875,585.6172683003595,6.856172683003594,2025-06
2025-08-08,Lead Generation,Google Ads,East,Returning Customer,20728,619,47,8202.69,153368.25,2.9862987263604786,7.592891760904685,13.251518578352181,174.52531914893618,1769.7311491717958,18.697311491717958,2025-08
2025-06-04,Product Launch,Email,West,New Customer,11997,284,23,6182.86,48765.58,2.367258481286988,8.098591549295776,21.7706338028169,268.82,688.7220477254863,7.887220477254863,2025-06
2025-12-05,Product Launch,Email,East,Returning Customer,65408,2288,137,28523.82,118587.34,3.498043052837573,5.9877622377622375,12.466704545454546,208.20306569343066,315.748451644976,4.1574845164497605,2025-12
2025-12-31,Lead Generation,Instagram Ads,North,New Customer,63097,3256,309,30256.2,597141.04,5.160308731001474,9.49017199017199,9.292444717444718,97.91650485436894,1873.6154573277545,19.736154573277545,2025-12
2025-10-10,Lead Generation,YouTube Ads,North,Returning Customer,43523,1611,106,27797.25,183837.03,3.701491165590607,6.579764121663563,17.25465549348231,262.2382075471698,561.3497018589968,6.613497018589968,2025-10
2025-07-06,Retargeting,Facebook Ads,North,New Customer,30163,930,54,11031.7,102525.4,3.0832476875642345,5.806451612903226,11.86204301075269,204.29074074074074,829.3708132019542,9.293708132019542,2025-07
2025-03-03,Seasonal Sale,Facebook Ads,East,New Customer,22718,904,42,6488.5,93551.59,3.979223523197464,4.646017699115045,7.177544247787611,154.48809523809524,1341.8061185173767,14.418061185173768,2025-03
2025-05-28,Product Launch,LinkedIn Ads,South,Returning Customer,92508,3354,131,53152.32,368200.34,3.625632377740304,3.905784138342278,15.847441860465116,405.74290076335876,592.726752096616,6.92726752096616,2025-05
2025-05-24,Seasonal Sale,Google Ads,South,New Customer,88767,532,34,3639.59,43516.57,0.5993218200457378,6.390977443609022,6.841334586466166,107.04676470588235,1095.6448391164936,11.956448391164939,2025-05
2025-04-13,Retargeting,YouTube Ads,South,Returning Customer,44619,2027,116,36409.23,196475.76,4.542907729890853,5.722742969906265,17.962126295017267,313.8726724137931,439.631736238311,5.39631736238311,2025-04
2025-10-27,Lead Generation,Google Ads,South,New Customer,17126,704,43,15714.59,95955.68,4.110708863715987,6.107954545454546,22.321860795454544,365.4555813953488,510.6152308141669,6.106152308141669,2025-10
2025-04-03,Seasonal Sale,YouTube Ads,North,New Customer,94131,3317,222,28906.79,356835.33,3.5238125590931784,6.692794694000604,8.714739222188726,130.21076576576576,1134.4342972706413,12.344342972706412,2025-04
2025-10-13,Lead Generation,Google Ads,North,New Customer,69926,3561,218,62847.86,755863.25,5.092526385035609,6.121875877562482,17.648935692221286,288.2929357798165,1102.6873309608313,12.026873309608314,2025-10
2025-04-29,Lead Generation,YouTube Ads,West,New Customer,45633,2427,255,40547.95,557048.71,5.318519492472553,10.506798516687269,16.707025133910175,159.01156862745097,1273.802399381473,13.73802399381473,2025-04
2025-01-29,Brand Awareness,Instagram Ads,East,New Customer,82654,3883,162,68801.4,479661.11,4.697897258450891,4.172031934071594,17.71861962400206,424.7,597.1676593790243,6.971676593790243,2025-01
2025-01-30,Seasonal Sale,YouTube Ads,East,New Customer,8317,185,12,7177.06,34696.37,2.2243597451003967,6.486486486486487,38.794918918918924,598.0883333333334,383.43430318264024,4.8343430318264025,2025-01
2025-12-26,Seasonal Sale,Google Ads,South,New Customer,49980,1137,56,12703.38,152756.27,2.274909963985594,4.925241864555849,11.172717678100263,226.8460714285714,1102.4852440846453,12.024852440846452,2025-12
2025-10-15,Lead Generation,Instagram Ads,North,New Customer,49115,2542,25,43999.21,25438.14,5.175608266313754,0.9834775767112509,17.308894571203776,1759.9684,-42.18500741263309,0.5781499258736691,2025-10
2025-05-18,Retargeting,YouTube Ads,South,Returning Customer,66646,455,22,3874.59,79692.99,0.6827116406085887,4.835164835164836,8.515582417582419,176.11772727272728,1956.8109141870498,20.568109141870494,2025-05
2025-02-20,Brand Awareness,Instagram Ads,West,Returning Customer,48158,1578,49,15768.09,56192.92,3.27671414925869,3.1051964512040557,9.99245247148289,321.7977551020408,256.3711267502913,3.5637112675029123,2025-02
2025-10-19,Lead Generation,Instagram Ads,East,New Customer,60963,2535,135,22587.82,112399.01,4.158259928153142,5.325443786982249,8.910382642998027,167.3171851851852,397.60893260172963,4.976089326017296,2025-10
2025-08-22,Product Launch,Email,East,Returning Customer,52631,460,24,4634.14,48504.94,0.8740096141057552,5.217391304347826,10.074217391304348,193.08916666666667,946.6869796769196,10.466869796769195,2025-08
2025-02-24,Product Launch,Facebook Ads,South,New Customer,54316,2091,135,27599.47,154165.7,3.849694381029531,6.456241032998565,13.199172644667623,204.44051851851853,458.5821032070544,5.585821032070544,2025-02
2025-10-19,Brand Awareness,Instagram Ads,West,Returning Customer,64342,3173,132,48793.48,174752.8,4.931460010568524,4.1601008509297195,15.37771194453199,369.6475757575758,258.1478509013908,3.581478509013909,2025-10
2025-08-28,Retargeting,Instagram Ads,East,Returning Customer,20504,260,11,7788.81,16819.6,1.2680452594615685,4.230769230769231,29.95696153846154,708.0736363636364,115.94569645427217,2.1594569645427217,2025-08
2025-11-08,Lead Generation,YouTube Ads,West,Returning Customer,73593,4406,319,25592.97,536408.35,5.986982457570693,7.240127099409896,5.808663186563777,80.22874608150471,1995.9206766545656,20.959206766545655,2025-11
2025-02-05,Seasonal Sale,Google Ads,West,New Customer,31660,628,21,14382.59,55754.07,1.983575489576753,3.343949044585987,22.90221337579618,684.8852380952382,287.6497209473398,3.876497209473398,2025-02
2025-03-30,Brand Awareness,Facebook Ads,South,Returning Customer,42196,1840,18,34773.36,23845.51,4.360602900748886,0.9782608695652175,18.898565217391305,1931.8533333333335,-31.425924903431827,0.6857407509656818,2025-03
2025-07-31,Retargeting,YouTube Ads,North,New Customer,70938,2393,141,15899.72,339924.25,3.373368293439341,5.892185541161721,6.644262432093606,112.76397163120566,2037.9260137914382,21.37926013791438,2025-07
2025-11-14,Seasonal Sale,YouTube Ads,South,Returning Customer,13605,490,40,9233.18,137891.48,3.601617052554208,8.16326530612245,18.84322448979592,230.8295,1393.4343314004493,14.934343314004494,2025-11
2025-12-31,Product Launch,Facebook Ads,North,New Customer,62388,982,70,17921.54,126340.53,1.5740206449958323,7.128309572301425,18.250040733197558,256.022,604.9646961142847,7.049646961142848,2025-12
2025-09-02,Product Launch,Instagram Ads,West,New Customer,86297,4652,276,62531.98,706942.39,5.390685655353026,5.932932072227,13.44195614789338,226.56514492753624,1030.5293547397669,11.305293547397667,2025-09
2025-03-28,Seasonal Sale,Facebook Ads,North,Returning Customer,60501,2413,208,40811.64,805534.91,3.988363828697046,8.619975134687111,16.91323663489432,196.2098076923077,1873.7871597416818,19.737871597416817,2025-03
2025-08-28,Brand Awareness,Google Ads,West,Returning Customer,58309,3458,283,49822.44,322608.72,5.930473854808006,8.18392134181608,14.407877385772123,176.05102473498235,547.5169020224621,6.47516902022462,2025-08
2025-11-16,Product Launch,Instagram Ads,East,New Customer,32043,517,24,6245.83,48822.33,1.613456917267422,4.642166344294004,12.08090909090909,260.24291666666664,681.6788161061061,7.81678816106106,2025-11
2025-07-07,Lead Generation,Facebook Ads,East,Returning Customer,38635,1247,76,10117.92,268998.1,3.227643328588068,6.094627105052125,8.113809141940658,133.13052631578947,2558.630429969796,26.58630429969796,2025-07
2025-02-26,Seasonal Sale,Instagram Ads,East,New Customer,84315,3216,200,40548.82,729110.67,3.814267923856965,6.218905472636816,12.60846393034826,202.7441,1698.1057648533301,17.9810576485333,2025-02
2025-04-23,Seasonal Sale,Google Ads,South,Returning Customer,85691,3076,162,15086.63,411310.77,3.589641852703318,5.266579973992198,4.904626137841352,93.12734567901234,2626.3263565156703,27.263263565156702,2025-04
2025-08-11,Product Launch,YouTube Ads,South,New Customer,38132,1716,143,22588.36,181794.56,4.500157348159027,8.333333333333332,13.163379953379954,157.96055944055945,704.815223415954,8.04815223415954,2025-08
2025-03-11,Brand Awareness,YouTube Ads,West,New Customer,94387,3028,155,48271.53,566904.1,3.2080689077945057,5.11889035667107,15.941720607661823,311.4292258064516,1074.4067362273372,11.744067362273373,2025-03
2025-08-15,Lead Generation,Email,East,New Customer,20366,1361,57,18077.13,82439.67,6.682706471570264,4.1880969875091845,13.282240999265246,317.1426315789474,356.04401804932525,4.560440180493253,2025-08
2025-09-13,Brand Awareness,Instagram Ads,South,New Customer,98944,3522,35,65122.79,69977.89,3.5595892626131955,0.9937535491198184,18.49028676888132,1860.651142857143,7.455300978351816,1.074553009783518,2025-09
2025-06-29,Retargeting,Facebook Ads,East,New Customer,77107,385,13,8885.94,24469.13,0.4993061589738934,3.3766233766233764,23.08036363636364,683.5338461538462,175.36906618770777,2.753690661877078,2025-06
2025-07-03,Retargeting,LinkedIn Ads,South,New Customer,67580,2450,54,39154.61,104665.41,3.6253329387392723,2.2040816326530615,15.981473469387755,725.0853703703704,167.31312098371046,2.6731312098371047,2025-07
2025-07-10,Product Launch,Email,North,New Customer,62889,3391,183,48944.15,477741.61,5.392039943392326,5.396638159834858,14.433544677086406,267.45437158469946,876.0954271348055,9.760954271348057,2025-07
2025-08-20,Product Launch,Google Ads,North,Returning Customer,84553,1788,42,32895.6,120286.22,2.114649982850993,2.348993288590604,18.397986577181207,783.2285714285714,265.6605138681161,3.656605138681161,2025-08
2025-10-03,Product Launch,YouTube Ads,East,Returning Customer,44236,893,62,16283.11,192670.32,2.0187177864183017,6.9428891377379625,18.234165733482644,262.6308064516129,1083.2525850405727,11.832525850405727,2025-10
2025-08-21,Retargeting,LinkedIn Ads,West,New Customer,9150,204,16,5111.52,15364.57,2.2295081967213117,7.8431372549019605,25.056470588235296,319.47,200.58710520549656,3.0058710520549656,2025-08
2025-02-23,Brand Awareness,YouTube Ads,South,New Customer,24423,460,24,11462.39,56198.04,1.8834704991196822,5.217391304347826,24.91823913043478,477.5995833333333,390.28204414611616,4.902820441461161,2025-02
2025-09-14,Brand Awareness,Email,South,New Customer,9137,254,7,4918.58,19946.64,2.779905877202583,2.7559055118110236,19.364488188976377,702.6542857142857,305.53655729905785,4.055365572990579,2025-09
2025-03-31,Product Launch,Instagram Ads,North,New Customer,34992,1701,105,10620.74,198010.3,4.861111111111112,6.172839506172839,6.243821281599059,101.14990476190476,1764.3738571888587,18.643738571888587,2025-03
2025-08-14,Lead Generation,Facebook Ads,North,Returning Customer,99438,5756,589,80321.73,1946992.3,5.788531547295802,10.232800555941626,13.954435371785962,136.36966044142613,2323.991988220373,24.239919882203733,2025-08
2025-09-04,Brand Awareness,YouTube Ads,West,New Customer,49921,249,23,7590.46,74033.66,0.49878808517457585,9.236947791164658,30.483775100401605,330.02,875.351427976697,9.753514279766971,2025-09
2025-05-31,Retargeting,LinkedIn Ads,West,New Customer,84369,2473,49,33667.8,120009.23,2.9311714018182036,1.981399110392236,13.614152850788518,687.0979591836735,256.4510600633246,3.5645106006332457,2025-05
2025-04-23,Seasonal Sale,Google Ads,West,New Customer,71917,2843,53,28605.87,46528.02,3.9531682356049336,1.8642279282448118,10.06186071051706,539.733396226415,62.652001145219494,1.626520011452195,2025-04
2025-09-26,Seasonal Sale,Google Ads,Unknown,New Customer,78690,2993,37,48892.9,95931.06,3.803532850425721,1.236217841630471,16.335750083528232,1321.4297297297298,96.20652487375466,1.9620652487375467,2025-09
2025-06-06,Seasonal Sale,Facebook Ads,North,Returning Customer,39235,2491,66,41169.06,197507.65,6.348923155345992,2.6495383380168605,16.527121637896425,623.7736363636363,379.74777660699567,4.797477766069957,2025-06
2025-12-13,Lead Generation,LinkedIn Ads,East,Returning Customer,83975,419,25,5673.84,52102.61,0.4989580232211968,5.966587112171838,13.541384248210024,226.9536,818.2953696262144,9.182953696262143,2025-12
2025-12-17,Product Launch,YouTube Ads,North,New Customer,24122,120,4,4268.55,11848.77,0.497471188127021,3.3333333333333335,35.57125,1067.1375,177.5830199950803,2.775830199950803,2025-12
2025-10-26,Retargeting,Google Ads,North,New Customer,28956,1909,64,19331.29,118257.31,6.592761431136897,3.352540597171294,10.126396018858042,302.05140625,511.74039601081967,6.117403960108197,2025-10
2025-06-08,Lead Generation,Instagram Ads,South,Returning Customer,68879,3189,258,49737.22,553842.71,4.629858157058029,8.090310442144872,15.596494198808404,192.77992248062017,1013.5377288879434,11.135377288879434,2025-06
2025-11-26,Retargeting,Facebook Ads,North,Returning Customer,63560,1679,114,27471.3,263673.02,2.641598489616111,6.789755807027993,16.361703394877903,240.9763157894737,859.8126772304188,9.598126772304187,2025-11
2025-08-13,Retargeting,YouTube Ads,North,New Customer,87800,3298,40,27836.42,108913.69,3.7562642369020502,1.2128562765312312,8.440394178289871,695.9105,291.26328026376956,3.9126328026376958,2025-08
2025-01-14,Product Launch,LinkedIn Ads,East,New Customer,73685,2847,226,29557.63,779621.45,3.863744317025175,7.938180540920267,10.382026694766422,130.78597345132744,2537.631806068348,26.376318060683484,2025-01
2025-12-21,Seasonal Sale,LinkedIn Ads,North,New Customer,29660,773,52,8463.48,76033.97,2.6062036412677005,6.727037516170762,10.948874514877101,162.75923076923075,798.3771450987066,8.983771450987065,2025-12
2025-04-19,Product Launch,Instagram Ads,East,New Customer,91064,3380,230,50381.79,318808.79,3.7116753052798033,6.804733727810651,14.9058550295858,219.05126086956523,532.7857545355176,6.327857545355176,2025-04
2025-04-06,Lead Generation,Facebook Ads,West,New Customer,6168,248,10,3877.73,23264.79,4.020752269779507,4.032258064516129,15.63600806451613,387.773,499.95899662947136,5.999589966294714,2025-04
2025-07-14,Lead Generation,Facebook Ads,North,New Customer,50124,3269,164,16427.75,217101.6,6.521825871837843,5.01682471703885,5.025313551544815,100.16920731707317,1221.5540777038852,13.215540777038852,2025-07
2025-02-27,Lead Generation,Google Ads,North,New Customer,40897,2022,20,11930.53,36524.54,4.944127931144094,0.9891196834817012,5.900361028684471,596.5265,206.14348230967104,3.0614348230967106,2025-02
2025-12-18,Product Launch,LinkedIn Ads,East,New Customer,20032,1223,93,19601.51,75693.65,6.105231629392971,7.604251839738348,16.0273998364677,210.76892473118278,286.16234157470524,3.861623415747052,2025-12
2025-10-21,Retargeting,LinkedIn Ads,West,Returning Customer,57797,858,25,13296.94,31072.65,1.4845061162344066,2.9137529137529135,15.497599067599069,531.8776,133.68271196230108,2.336827119623011,2025-10
2025-06-03,Retargeting,YouTube Ads,South,New Customer,40294,1200,39,11649.65,90299.73,2.9781108849952846,3.25,9.708041666666666,298.70897435897433,675.1282656560498,7.751282656560497,2025-06
2025-03-05,Brand Awareness,YouTube Ads,West,New Customer,48827,1886,62,35546.96,155186.52,3.862616994695558,3.2873806998939554,18.84780487804878,573.3380645161291,336.56762772400225,4.365676277240023,2025-03
2025-06-07,Lead Generation,Instagram Ads,East,New Customer,8516,52,5,2801.65,4826.09,0.6106153123532174,9.615384615384617,53.877884615384616,560.33,72.25884746488677,1.7225884746488676,2025-06
2025-09-22,Retargeting,Email,West,New Customer,24751,1305,49,15346.88,79643.32,5.272514241848814,3.7547892720306515,11.760061302681992,313.2016326530612,418.9544715277634,5.189544715277633,2025-09
2025-05-01,Brand Awareness,YouTube Ads,East,Returning Customer,35373,1578,123,31259.41,126799.94,4.461029598846578,7.79467680608365,19.809512040557667,254.14154471544714,305.637662387102,4.05637662387102,2025-05
2025-10-15,Retargeting,LinkedIn Ads,East,New Customer,35270,1040,56,11877.65,123763.68,2.9486815990927133,5.384615384615385,11.420817307692307,212.10089285714284,941.9879353239066,10.419879353239066,2025-10
2025-01-11,Lead Generation,Facebook Ads,South,New Customer,15386,496,16,7878.7,17118.21,3.2237098661120496,3.225806451612903,15.884475806451613,492.41875,117.2720118801325,2.172720118801325,2025-01
2025-08-02,Seasonal Sale,Facebook Ads,North,Returning Customer,69817,3756,111,23228.32,236558.17,5.379778563960067,2.9552715654952078,6.184323748668796,209.26414414414415,918.4041290975844,10.184041290975843,2025-08
2025-06-11,Lead Generation,Google Ads,East,New Customer,70184,1619,63,27452.97,160186.82,2.3067935711843157,3.891290920321186,16.956744904261893,435.7614285714286,483.4954105147822,5.834954105147822,2025-06
2025-04-15,Product Launch,YouTube Ads,East,Returning Customer,84693,4608,244,46620.92,645092.05,5.440827459176083,5.295138888888888,10.117387152777777,191.06934426229506,1283.6965250792994,13.836965250792993,2025-04
2025-05-27,Retargeting,Instagram Ads,South,New Customer,42879,1338,93,22783.09,158927.24,3.1204085916182747,6.950672645739911,17.02772047832586,244.9794623655914,597.5666601852514,6.975666601852514,2025-05
2025-07-01,Retargeting,Google Ads,East,New Customer,54597,2530,109,22249.36,312581.25,4.633954246570324,4.308300395256917,8.794213438735179,204.12256880733946,1304.8999611674224,14.048999611674223,2025-07
2025-12-04,Product Launch,Email,North,New Customer,44132,1602,67,20476.18,240971.29,3.630019033807668,4.18227215980025,12.7816354556804,305.61462686567165,1076.8371346608596,11.768371346608596,2025-12
2025-02-06,Product Launch,Instagram Ads,South,New Customer,8626,590,19,10205.09,36235.69,6.839786691398099,3.2203389830508473,17.296762711864407,537.11,255.0746735207627,3.550746735207627,2025-02
2025-03-23,Seasonal Sale,Facebook Ads,North,Returning Customer,90936,1972,49,38901.61,75580.42,2.168558106800387,2.4847870182555782,19.72698275862069,793.9104081632653,94.28609767050771,1.942860976705077,2025-03
2025-01-12,Retargeting,Google Ads,North,Returning Customer,86515,2284,52,12130.4,121180.01,2.640004623475698,2.276707530647986,5.311033274956217,233.27692307692308,898.9778572841785,9.989778572841786,2025-01
2025-01-04,Retargeting,Email,South,New Customer,82065,1018,81,17241.19,117953.47,1.2404801072320721,7.956777996070727,16.936335952848722,212.85419753086418,584.1376378312634,6.841376378312635,2025-01
2025-02-12,Seasonal Sale,Instagram Ads,East,New Customer,60390,1120,46,10789.85,131517.8,1.8546116906772645,4.107142857142857,9.633794642857143,234.56195652173915,1118.9029504580692,12.189029504580692,2025-02
2025-02-20,Brand Awareness,Email,North,Returning Customer,21645,989,43,16030.25,123041.88,4.56918456918457,4.3478260869565215,16.208543983822043,372.79651162790697,667.5605807769685,7.675605807769686,2025-02
2025-09-18,Seasonal Sale,Instagram Ads,North,Returning Customer,96960,5720,219,47506.17,504632.1,5.899339933993399,3.8286713286713283,8.305274475524476,216.9231506849315,962.245388335873,10.62245388335873,2025-09
2025-05-14,Lead Generation,LinkedIn Ads,North,New Customer,59144,2803,131,39326.15,340047.01,4.739280400378736,4.673564038530146,14.030021405636818,300.1996183206107,764.6842113962338,8.646842113962338,2025-05
2025-03-28,Retargeting,Instagram Ads,North,New Customer,18382,641,41,8317.16,110310.16,3.487106952453487,6.3962558502340086,12.975288611544462,202.85756097560974,1226.2959952676154,13.262959952676155,2025-03
2025-12-28,Product Launch,Instagram Ads,South,New Customer,9025,194,8,6678.01,6733.52,2.149584487534626,4.123711340206185,34.42273195876289,834.75125,0.8312356525372112,1.0083123565253722,2025-12
2025-02-25,Lead Generation,LinkedIn Ads,South,Returning Customer,48226,2337,139,14865.18,175191.26,4.845933728694066,5.947796320068464,6.360795892169448,106.94374100719425,1078.5344005252543,11.785344005252544,2025-02
2025-08-05,Retargeting,Facebook Ads,West,New Customer,84380,1752,158,14441.31,539527.12,2.076321403176108,9.018264840182647,8.242756849315068,91.40069620253165,3635.99846551317,37.359984655131704,2025-08
2025-03-09,Seasonal Sale,Google Ads,West,New Customer,74711,1103,38,22991.79,127214.97,1.4763555567453255,3.445149592021759,20.844777878513145,605.047105263158,453.3060714281054,5.533060714281054,2025-03
2025-12-18,Lead Generation,Google Ads,North,Returning Customer,79710,2421,106,46872.75,347980.16,3.037260067745578,4.378356051218505,19.36090458488228,442.1957547169811,642.3933095455249,7.423933095455248,2025-12
2025-02-13,Retargeting,Email,East,New Customer,8443,42,2,4923.38,7042.45,0.4974535117849106,4.761904761904762,117.22333333333333,2461.69,43.04095966592056,1.4304095966592056,2025-02
2025-05-23,Brand Awareness,Instagram Ads,North,New Customer,26395,376,34,4688.85,56372.98,1.4245122182231484,9.042553191489363,12.470345744680852,137.90735294117647,1102.277317465903,12.022773174659031,2025-05
2025-12-12,Brand Awareness,Email,East,New Customer,15725,995,23,10525.73,37701.69,6.327503974562799,2.3115577889447234,10.578623115577889,457.6404347826087,258.18598805023504,3.5818598805023503,2025-12
2025-02-11,Product Launch,Google Ads,North,New Customer,38461,442,5,9615.74,9644.39,1.1492160890252463,1.1312217194570136,21.755067873303165,1923.148,0.2979489878054069,1.002979489878054,2025-02
2025-05-19,Retargeting,Google Ads,West,New Customer,46115,792,43,16362.99,42629.52,1.7174455166431746,5.42929292929293,20.66034090909091,380.5346511627907,160.5240240322826,2.605240240322826,2025-05
2025-03-14,Brand Awareness,Google Ads,West,New Customer,88732,3201,167,35634.47,460820.32,3.6074922237749627,5.217119650109341,11.132293033427054,213.38005988023951,1193.1869619500442,12.931869619500445,2025-03
2025-09-24,Seasonal Sale,Facebook Ads,East,New Customer,84790,3125,226,51661.97,756698.02,3.685576129260526,7.231999999999999,16.5318304,228.59278761061947,1364.7099597634392,14.64709959763439,2025-09
2025-07-13,Retargeting,Instagram Ads,North,New Customer,84557,2661,182,49095.44,580802.13,3.146989604645387,6.839534009770763,18.449996242014283,269.75516483516486,1083.0062629034385,11.830062629034387,2025-07
2025-06-04,Seasonal Sale,Facebook Ads,East,Returning Customer,76260,381,20,9500.37,51371.71,0.4996066089693155,5.2493438320209975,24.935354330708662,475.0185,440.73378194743987,5.407337819474399,2025-06
2025-09-03,Seasonal Sale,Facebook Ads,West,Returning Customer,33690,1607,130,12175.97,196153.84,4.769961412882161,8.089607965152458,7.576832607342874,93.66130769230769,1510.9914856886146,16.109914856886146,2025-09
2025-11-10,Brand Awareness,YouTube Ads,North,New Customer,6407,181,6,5608.86,7319.64,2.8250351178398625,3.314917127071823,30.98817679558011,934.81,30.501385308244473,1.3050138530824447,2025-11
2025-08-06,Retargeting,Facebook Ads,North,New Customer,78568,4188,252,50264.93,461937.89,5.3304144180836985,6.017191977077363,12.002132282712513,199.46400793650793,819.0063330437346,9.190063330437345,2025-08
2025-09-10,Lead Generation,Instagram Ads,East,New Customer,63560,1609,39,23114.15,88261.89,2.5314663310258023,2.4238657551274083,14.365537600994408,592.6705128205128,281.8521987613648,3.818521987613648,2025-09
2025-10-04,Brand Awareness,LinkedIn Ads,South,New Customer,52340,2603,140,19888.48,299074.44,4.9732518150554075,5.378409527468306,7.640599308490203,142.06057142857142,1403.757149867662,15.037571498676622,2025-10
2025-10-04,Brand Awareness,Facebook Ads,East,New Customer,22794,1240,22,12795.46,77536.95,5.440028077564271,1.7741935483870968,10.318919354838709,581.6118181818182,505.97235269384606,6.059723526938461,2025-10
2025-03-13,Retargeting,Instagram Ads,West,Returning Customer,24881,696,18,15033.24,53482.23,2.797315220449339,2.586206896551724,21.599482758620688,835.18,255.75983620297427,3.5575983620297422,2025-03
2025-05-09,Retargeting,LinkedIn Ads,West,New Customer,91292,4400,430,51133.95,517416.74,4.819699426017614,9.772727272727273,11.621352272727272,118.91616279069767,911.8849414136791,10.118849414136792,2025-05
2025-12-24,Seasonal Sale,YouTube Ads,West,New Customer,99952,1506,15,16771.19,17338.11,1.5067232271490316,0.9960159362549801,11.136248339973438,1118.0793333333334,3.380320657031504,1.033803206570315,2025-12
2025-07-05,Retargeting,Google Ads,West,New Customer,54703,2130,105,29419.7,287770.63,3.8937535418532803,4.929577464788732,13.812065727699531,280.1876190476191,878.1562354476762,9.781562354476762,2025-07
2025-01-13,Seasonal Sale,YouTube Ads,West,Returning Customer,49354,2632,199,37620.42,258518.35,5.332901081979171,7.560790273556231,14.2934726443769,189.0473366834171,587.1756083531232,6.871756083531231,2025-01
2025-11-25,Brand Awareness,Instagram Ads,South,New Customer,96288,4118,455,64897.31,1302655.66,4.276753074111,11.049052938319573,15.759424477901893,142.63145054945053,1907.2567876850364,20.072567876850364,2025-11
2025-08-08,Product Launch,Facebook Ads,North,Returning Customer,83462,5933,352,38477.14,935350.32,7.108624284105342,5.932917579639305,6.485275577279622,109.31005681818182,2330.9247516837268,24.30924751683727,2025-08
2025-01-06,Lead Generation,Facebook Ads,East,New Customer,19390,845,51,15471.17,66208.61,4.357916451779268,6.035502958579881,18.309076923076923,303.35627450980394,327.94830643060607,4.279483064306061,2025-01
2025-08-27,Brand Awareness,YouTube Ads,East,Returning Customer,92475,2729,152,38043.47,307612.12,2.951067856177345,5.569805789666544,13.940443385855625,250.28598684210527,708.5806052917886,8.085806052917885,2025-08
2025-04-22,Retargeting,Instagram Ads,West,Returning Customer,32307,2507,204,15732.2,365752.78,7.759928188937382,8.137215795771839,6.2753091344236145,77.1186274509804,2224.8673421390527,23.248673421390524,2025-04
2025-08-16,Lead Generation,Facebook Ads,East,New Customer,99049,5893,387,90370.48,1094064.95,5.949580510656341,6.567113524520618,15.335224843034107,233.51545219638243,1110.6441727431347,12.106441727431347,2025-08
2025-01-17,Product Launch,Instagram Ads,West,New Customer,29502,323,13,6155.03,10801.61,1.0948410277269338,4.024767801857585,19.05582043343653,473.46384615384613,75.49240214913657,1.7549240214913657,2025-01
2025-03-14,Product Launch,Facebook Ads,South,New Customer,27486,638,52,10452.0,153958.19,2.3211816924979987,8.150470219435736,16.38244514106583,201.0,1373.0022005357825,14.730022005357826,2025-03
2025-01-12,Seasonal Sale,Google Ads,South,New Customer,43258,840,36,11838.31,103896.8,1.9418373480049933,4.285714285714286,14.093226190476189,328.84194444444444,777.6320268687001,8.776320268687,2025-01
2025-03-27,Lead Generation,Google Ads,North,Returning Customer,62716,2802,42,28823.04,125715.82,4.467759423432617,1.4989293361884368,10.28659528907923,686.2628571428571,336.1643324229505,4.361643324229505,2025-03
2025-06-29,Seasonal Sale,Google Ads,South,Returning Customer,86494,3768,56,36686.96,42700.9,4.356371540222443,1.48619957537155,9.736454352441614,655.1242857142857,16.39258199643689,1.163925819964369,2025-06
2025-05-02,Brand Awareness,Google Ads,South,Returning Customer,87768,3813,190,62045.51,511756.3,4.344407984686901,4.9829530553370045,16.272098085496985,326.5553157894737,724.807951453699,8.24807951453699,2025-05
2025-07-23,Lead Generation,Google Ads,North,Returning Customer,15748,166,9,4677.01,18417.99,1.0541021082042163,5.421686746987952,28.17475903614458,519.6677777777778,293.7983882865335,3.937983882865335,2025-07
2025-03-11,Brand Awareness,Email,East,New Customer,67785,1723,135,32849.66,306228.98,2.541860293575275,7.83517121300058,19.065385954730125,243.33081481481483,832.2135449803741,9.32213544980374,2025-03
2025-04-18,Seasonal Sale,Google Ads,West,New Customer,81050,2655,188,33880.53,508163.2,3.2757557063541025,7.080979284369116,12.76102824858757,180.21558510638297,1399.8679182409485,14.998679182409486,2025-04
2025-07-20,Lead Generation,Facebook Ads,West,Returning Customer,27738,212,12,3996.3,24415.63,0.7642944696805826,5.660377358490567,18.850471698113207,333.02500000000003,510.95588419287844,6.109558841928784,2025-07
2025-02-21,Seasonal Sale,YouTube Ads,East,New Customer,79231,1736,139,10782.71,482703.68,2.1910615794322927,8.006912442396313,6.211238479262672,77.57345323741006,4376.645296034114,44.76645296034114,2025-02
2025-02-06,Lead Generation,Instagram Ads,North,Returning Customer,78606,4350,240,55007.72,311830.33,5.533928707732234,5.517241379310345,12.645452873563219,229.19883333333334,466.8846663704659,5.668846663704659,2025-02
2025-04-27,Seasonal Sale,Email,East,New Customer,98301,1149,26,15973.97,84863.96,1.1688589129306926,2.2628372497824194,13.90249782419495,614.3834615384615,431.26405020167186,5.312640502016719,2025-04
2025-09-16,Product Launch,Google Ads,South,New Customer,46662,2651,45,17061.0,56282.13,5.681282413955682,1.6974726518294982,6.435684647302905,379.1333333333333,229.88763847371195,3.2988763847371194,2025-09
2025-09-21,Seasonal Sale,Google Ads,North,Returning Customer,87234,4480,389,34898.44,995430.53,5.135612261274273,8.683035714285714,7.789830357142858,89.71321336760926,2752.363973862442,28.523639738624418,2025-09
2025-10-30,Product Launch,Google Ads,North,New Customer,20123,616,6,10447.06,21433.18,3.061173781245341,0.974025974025974,16.959512987012985,1741.1766666666665,105.15992059009905,2.0515992059009904,2025-10
2025-03-05,Seasonal Sale,Google Ads,North,Returning Customer,30616,773,38,4667.99,66716.67,2.524823621635746,4.915912031047866,6.038796895213454,122.84184210526315,1329.2376376127627,14.292376376127628,2025-03
2025-02-11,Lead Generation,Facebook Ads,West,Returning Customer,16182,768,99,15915.87,210514.75,4.746014089729329,12.890625,20.7237890625,160.76636363636365,1222.6719620102451,13.22671962010245,2025-02
2025-02-12,Lead Generation,Google Ads,East,Returning Customer,95369,2211,146,29744.14,351651.15,2.3183634094936507,6.603346901854365,13.452799638172772,203.72698630136986,1082.2535464128396,11.822535464128398,2025-02
2025-05-05,Lead Generation,Google Ads,North,Returning Customer,67013,1603,79,18782.2,69900.55,2.392073179830779,4.9282595134123515,11.716905801621959,237.7493670886076,272.1638040272173,3.7216380402721727,2025-05
2025-09-27,Retargeting,Google Ads,North,New Customer,36331,1258,16,12168.3,38665.94,3.4626076904021357,1.2718600953895072,9.672734499205086,760.51875,217.7595884388124,3.177595884388124,2025-09
2025-12-13,Brand Awareness,Instagram Ads,North,Returning Customer,51098,255,24,5412.2,42489.09,0.4990410583584484,9.411764705882353,21.224313725490195,225.50833333333333,685.0613428919849,7.850613428919847,2025-12
2025-08-21,Lead Generation,Google Ads,East,New Customer,31128,412,35,11220.87,96713.78,1.323567206373683,8.495145631067961,27.235121359223303,320.5962857142857,761.9098162620188,8.619098162620189,2025-08
2025-05-12,Product Launch,Facebook Ads,West,New Customer,36556,1106,79,11448.3,277868.37,3.0254951307582885,7.142857142857142,10.351084990958409,144.91518987341772,2327.15835538901,24.2715835538901,2025-05
2025-01-02,Lead Generation,Instagram Ads,South,New Customer,92505,3897,214,34964.83,537885.46,4.212745257013135,5.491403643828586,8.972242750833976,163.38705607476638,1438.3614334747228,15.383614334747229,2025-01
2025-04-25,Retargeting,Email,West,New Customer,26876,617,42,10784.26,98359.52,2.2957285310314037,6.807131280388978,17.478541329011346,256.76809523809527,812.0655473810906,9.120655473810906,2025-04
2025-01-01,Product Launch,Google Ads,North,New Customer,13949,446,22,6518.65,57160.35,3.197361818051473,4.932735426008969,14.615807174887891,296.30227272727274,776.8740460064583,8.768740460064585,2025-01
2025-11-27,Retargeting,LinkedIn Ads,West,New Customer,56962,615,18,8815.55,32810.47,1.0796671465187317,2.9268292682926833,14.33422764227642,489.75277777777774,272.1885758687774,3.721885758687774,2025-11
2025-03-06,Product Launch,Instagram Ads,West,New Customer,95054,4656,367,73878.49,605700.7,4.898268352725819,7.882302405498281,15.867373281786943,201.30378746594008,719.8606928755581,8.19860692875558,2025-03
2025-05-05,Seasonal Sale,Google Ads,South,Returning Customer,76206,2918,156,31683.87,356061.01,3.829094821930032,5.346127484578479,10.85807745030843,203.10173076923076,1023.7926743166162,11.237926743166161,2025-05
2025-09-13,Brand Awareness,LinkedIn Ads,East,New Customer,29099,1153,78,24011.04,290810.62,3.962335475445892,6.764960971379011,20.824839549002604,307.83384615384614,1111.1537859251412,12.11153785925141,2025-09
2025-11-18,Brand Awareness,YouTube Ads,East,Returning Customer,17716,749,38,13466.51,94889.5,4.22781666290359,5.07343124165554,17.979319092122832,354.38184210526316,604.6331974654162,7.04633197465416,2025-11
2025-05-23,Retargeting,Google Ads,West,Returning Customer,57611,2083,138,20616.46,299710.55,3.6156289597472706,6.625060009601537,9.8974843975036,149.39463768115942,1353.7439987272303,14.537439987272306,2025-05
2025-11-24,Brand Awareness,Facebook Ads,West,Returning Customer,43885,1217,66,14345.35,184163.82,2.7731571151874217,5.42317173377157,11.78746918652424,217.3537878787879,1183.787568794069,12.837875687940691,2025-11
2025-09-03,Retargeting,LinkedIn Ads,East,New Customer,58144,3020,159,33001.46,293831.89,5.194001100715465,5.264900662251656,10.927635761589404,207.55635220125785,790.3602749696529,8.90360274969653,2025-09
2025-04-26,Retargeting,Email,East,Returning Customer,70220,2622,146,37654.24,455657.92,3.733978923383651,5.5682684973302825,14.36088482074752,257.9057534246575,1110.1105214180395,12.101105214180395,2025-04
2025-10-30,Retargeting,Google Ads,South,New Customer,12837,417,53,6955.78,97967.0,3.2484225286281845,12.709832134292565,16.68052757793765,131.24113207547168,1308.4257984007545,14.084257984007545,2025-10
2025-03-31,Brand Awareness,Google Ads,North,Returning Customer,54355,1895,142,36777.96,192280.0,3.4863398031459845,7.493403693931398,19.407894459102902,258.99971830985913,422.813119596628,5.22813119596628,2025-03
2025-10-23,Retargeting,Facebook Ads,West,New Customer,52299,1806,216,25484.33,504288.64,3.4532209028853322,11.960132890365449,14.11092469545958,117.98300925925926,1878.818513180452,19.788185131804525,2025-10
2025-02-11,Brand Awareness,Instagram Ads,East,Returning Customer,24159,781,42,8422.86,101126.02,3.2327496999047973,5.377720870678617,10.7847119078105,200.54428571428573,1100.6138057619382,12.006138057619383,2025-02
2025-02-04,Retargeting,Instagram Ads,West,Returning Customer,56012,2335,110,32734.41,234628.11,4.168749553667071,4.710920770877944,14.019019271948608,297.58554545454547,616.7629109551691,7.167629109551692,2025-02
2025-02-10,Lead Generation,Facebook Ads,West,New Customer,64305,1347,37,17652.47,73935.28,2.0947049218567764,2.7468448403860433,13.10502598366741,477.0937837837838,318.8381569264811,4.188381569264811,2025-02
2025-12-07,Retargeting,Instagram Ads,East,New Customer,92096,2031,193,36357.17,483863.73,2.2053075052119526,9.502708025603152,17.901117676021663,188.37911917098444,1230.8619180205721,13.30861918020572,2025-12
2025-05-04,Product Launch,Email,South,Returning Customer,22106,959,31,15247.07,90264.24,4.338188727042431,3.232533889468196,15.898925964546402,491.84096774193546,492.01039937509313,5.9201039937509305,2025-05
2025-02-26,Retargeting,Google Ads,West,New Customer,63123,2071,207,11024.71,621637.26,3.280896028389018,9.99517141477547,5.323375181071945,53.25946859903381,5538.581513708751,56.38581513708751,2025-02
2025-10-21,Seasonal Sale,Facebook Ads,South,Returning Customer,13720,680,20,5361.23,35683.06,4.956268221574344,2.941176470588235,7.8841617647058815,268.06149999999997,565.5759965530298,6.655759965530298,2025-10
2025-08-23,Retargeting,Email,East,New Customer,42661,1754,135,30623.23,402243.25,4.111483556409835,7.696693272519954,17.45908209806157,226.83874074074075,1213.5232632220705,13.135232632220703,2025-08
2025-04-06,Product Launch,YouTube Ads,North,New Customer,98898,2641,40,35731.23,114220.14,2.670428117858804,1.5145778114350625,13.529432033320713,893.2807500000001,219.66473026537287,3.1966473026537288,2025-04
2025-11-15,Product Launch,Instagram Ads,North,Returning Customer,98794,4310,189,78332.11,518465.41,4.362613114156731,4.385150812064966,18.17450348027842,414.45560846560846,561.8810727810089,6.618810727810089,2025-11
2025-12-09,Brand Awareness,Instagram Ads,West,Returning Customer,92318,4888,271,28985.52,821308.58,5.294742087133604,5.544189852700491,5.929934533551555,106.95763837638377,2733.513354254124,28.33513354254124,2025-12
2025-05-12,Lead Generation,Google Ads,East,Returning Customer,26120,1089,43,12128.54,55222.47,4.169218989280245,3.948576675849403,11.137318640955005,282.0590697674419,355.31011976709476,4.553101197670948,2025-05
2025-06-25,Retargeting,Facebook Ads,South,New Customer,24790,1115,56,8567.69,60302.7,4.497781363453005,5.0224215246636765,7.6840269058295965,152.9944642857143,603.8384908884425,7.038384908884424,2025-06
2025-02-21,Brand Awareness,Instagram Ads,West,Returning Customer,63655,2063,104,25264.6,265277.22,3.240908019794203,5.041202132816287,12.246534173533687,242.92884615384614,949.9957252440172,10.499957252440172,2025-02
2025-02-07,Lead Generation,Facebook Ads,East,New Customer,64643,3225,242,30899.11,554388.85,4.988939250962981,7.503875968992248,9.581119379844962,127.68227272727273,1694.190350466405,17.941903504664047,2025-02
2025-12-09,Retargeting,Facebook Ads,East,New Customer,98448,2588,25,19102.19,63834.98,2.6287989598569803,0.9659969088098918,7.3810625965996906,764.0876,234.17623843130033,3.3417623843130033,2025-12
2025-01-05,Seasonal Sale,Facebook Ads,South,Returning Customer,52374,2099,85,28876.9,177922.97,4.007713751097873,4.049547403525489,13.757455931395903,339.72823529411767,516.1429031509615,6.1614290315096145,2025-01
2025-08-01,Retargeting,Google Ads,West,New Customer,47907,3523,304,44348.03,525527.21,7.353831381635252,8.629009367016748,12.58814362759012,145.88167763157895,1085.0068875663699,11.850068875663698,2025-08
2025-04-30,Product Launch,Facebook Ads,East,New Customer,55071,2372,163,22199.57,262658.2,4.307167111546912,6.871838111298483,9.359009274873525,136.1936809815951,1083.1679622623321,11.831679622623321,2025-04
2025-11-22,Product Launch,Google Ads,East,New Customer,39812,1142,99,14170.08,280752.29,2.8684818647643926,8.669001751313484,12.408126094570928,143.1321212121212,1881.303492993688,19.81303492993688,2025-11
2025-07-28,Seasonal Sale,Facebook Ads,East,Returning Customer,54570,1563,115,23865.85,154755.36,2.864211105002749,7.357645553422905,15.269257837492002,207.5291304347826,548.4385010380942,6.484385010380942,2025-07
2025-08-05,Brand Awareness,Google Ads,South,New Customer,55901,1896,52,13993.53,131255.77,3.391710345074328,2.7426160337552745,7.380553797468354,269.1063461538462,837.9746925900754,9.379746925900754,2025-08
2025-01-24,Lead Generation,YouTube Ads,West,Returning Customer,65186,3113,222,29035.34,416533.35,4.775565305433682,7.131384516543528,9.327124959845808,130.78981981981983,1334.5736953657163,14.345736953657163,2025-01
2025-12-08,Retargeting,Instagram Ads,West,New Customer,55251,2054,118,20695.75,290875.4,3.7175797723118134,5.744888023369036,10.0758276533593,175.38771186440678,1305.4837345831875,14.054837345831874,2025-12
2025-07-24,Product Launch,Email,West,Returning Customer,70171,1773,198,27583.13,217185.59,2.5266848128144104,11.16751269035533,15.5573209249859,139.3087373737374,687.3855867698843,7.873855867698843,2025-07
2025-08-14,Brand Awareness,LinkedIn Ads,West,Returning Customer,41160,1039,77,20830.27,95748.42,2.5242954324586977,7.41097208854668,20.048383060635228,270.522987012987,359.66000440704795,4.59660004407048,2025-08
2025-08-06,Seasonal Sale,Instagram Ads,North,New Customer,24156,900,61,11513.75,149629.94,3.7257824143070044,6.777777777777779,12.793055555555556,188.75,1199.5760720877213,12.995760720877213,2025-08
2025-07-30,Product Launch,Google Ads,North,New Customer,81208,2893,207,26416.75,483827.19,3.562456900797951,7.155202212236434,9.131265122709989,127.6171497584541,1731.5167081491857,18.315167081491857,2025-07
2025-01-26,Seasonal Sale,Instagram Ads,West,New Customer,84980,3554,237,62316.52,327931.46,4.182160508354907,6.668542487338211,17.5341924592009,262.9389029535865,426.2351941347174,5.262351941347175,2025-01
2025-09-09,Retargeting,Instagram Ads,South,New Customer,77320,3770,248,71996.61,901452.36,4.875840662183135,6.5782493368700266,19.09724403183024,290.30891129032256,1152.0761185839167,12.520761185839167,2025-09
2025-01-03,Lead Generation,Email,North,Returning Customer,22929,1740,84,26877.14,125346.72,7.588643202930786,4.827586206896552,15.446632183908045,319.9659523809524,366.3692639916301,4.663692639916301,2025-01
2025-01-02,Product Launch,Facebook Ads,East,New Customer,71606,935,63,19178.87,137640.14,1.3057565008518839,6.737967914438503,20.512160427807487,304.4265079365079,617.6655350393429,7.176655350393429,2025-01
2025-04-02,Product Launch,Google Ads,North,Returning Customer,93442,4233,333,58249.77,468712.38,4.5300828321311615,7.866761162296244,13.760871722182848,174.92423423423423,704.6596235487282,8.046596235487282,2025-04
2025-01-02,Retargeting,Facebook Ads,East,New Customer,67559,2464,200,39129.94,415282.64,3.647182462736275,8.116883116883116,15.880657467532469,195.64970000000002,961.2912772163719,10.61291277216372,2025-01
2025-05-30,Brand Awareness,Facebook Ads,West,New Customer,59205,434,34,6928.06,79569.5,0.7330461954226839,7.834101382488479,15.963271889400923,203.7664705882353,1048.510549850896,11.485105498508961,2025-05
2025-03-12,Lead Generation,Email,North,Returning Customer,73475,3948,365,43392.72,615772.23,5.3732562095951,9.245187436676797,10.991063829787235,118.88416438356165,1319.0680602644868,14.190680602644866,2025-03
2025-01-04,Product Launch,Instagram Ads,South,New Customer,69341,2865,238,21748.08,655065.78,4.131754661744134,8.30715532286213,7.5909528795811525,91.37848739495799,2912.062582076211,30.120625820762108,2025-01
2025-02-07,Lead Generation,Facebook Ads,North,New Customer,47863,2249,159,39522.61,273301.54,4.6988279046445065,7.06980880391285,17.57341485104491,248.56987421383647,591.5068109115264,6.915068109115262,2025-02
2025-12-25,Product Launch,YouTube Ads,North,New Customer,86837,825,21,15803.45,53319.23,0.9500558517682554,2.5454545454545454,19.155696969696972,752.5452380952381,237.38981045278086,3.3738981045278087,2025-12
2025-03-11,Lead Generation,Instagram Ads,North,New Customer,70439,2232,58,29754.7,89520.62,3.168699158136828,2.5985663082437274,13.330958781362007,513.0120689655173,200.86211590101732,3.008621159010173,2025-03
2025-07-20,Seasonal Sale,Google Ads,West,New Customer,12194,229,11,3693.53,22749.12,1.8779727734951617,4.8034934497816595,16.128951965065504,335.7754545454546,515.9181054438437,6.159181054438436,2025-07
2025-11-04,Product Launch,Google Ads,South,New Customer,76387,5152,289,35598.06,253506.3,6.744603139277626,5.609472049689441,6.909561335403726,123.17667820069204,612.135155679832,7.12135155679832,2025-11
2025-09-09,Lead Generation,Google Ads,North,Returning Customer,86914,4534,407,37132.32,1292743.43,5.21665094231079,8.97662108513454,8.189748566387296,91.23420147420147,3381.450741564222,34.81450741564222,2025-09
2025-10-14,Brand Awareness,Facebook Ads,South,New Customer,71214,1765,17,14651.44,47648.8,2.478445249529587,0.9631728045325779,8.301099150141644,861.8494117647059,225.2158149642629,3.252158149642629,2025-10
2025-10-19,Seasonal Sale,Google Ads,West,New Customer,34777,415,12,6167.33,36222.62,1.1933174224343674,2.891566265060241,14.861036144578312,513.9441666666667,487.3306601073723,5.873306601073723,2025-10
2025-06-03,Seasonal Sale,Google Ads,East,New Customer,31183,1182,59,22339.39,124416.38,3.7905268896514124,4.991539763113368,18.899653130287646,378.6337288135593,456.93723060477487,5.5693723060477485,2025-06
2025-05-13,Brand Awareness,Facebook Ads,North,New Customer,32445,1667,50,8907.18,144358.54,5.137925720449992,2.9994001199760048,5.343239352129574,178.1436,1520.6985824918775,16.206985824918775,2025-05
2025-03-15,Lead Generation,Google Ads,South,Returning Customer,72038,646,22,3796.93,54695.42,0.896748938060468,3.4055727554179565,5.8776006191950465,172.58772727272728,1340.5169439520876,14.405169439520876,2025-03
2025-10-01,Retargeting,YouTube Ads,South,Returning Customer,92201,1938,82,27613.61,57205.42,2.101929480157482,4.231166150670795,14.248508771929824,336.75134146341463,107.16385869142064,2.071638586914206,2025-10
2025-09-28,Brand Awareness,Google Ads,West,New Customer,21198,390,12,3699.76,17465.91,1.8397962071893574,3.076923076923077,9.486564102564103,308.31333333333333,372.08224317253007,4.720822431725301,2025-09
2025-07-04,Lead Generation,Instagram Ads,North,Returning Customer,26411,1267,45,21716.16,101004.71,4.797243572753777,3.5516969218626673,17.13982636148382,482.5813333333333,365.1131231304245,4.651131231304245,2025-07
2025-12-19,Brand Awareness,Facebook Ads,East,New Customer,55577,1636,145,18338.99,349831.92,2.9436637457941237,8.863080684596577,11.209651589242055,126.47579310344828,1807.5855322457776,19.075855322457777,2025-12
2025-01-05,Brand Awareness,YouTube Ads,South,New Customer,20867,627,44,9353.43,47795.41,3.004744333157617,7.017543859649122,14.917751196172249,212.57795454545456,410.9934002820356,5.109934002820356,2025-01
2025-10-20,Product Launch,Google Ads,North,New Customer,67501,2539,188,21717.62,482766.17,3.7614257566554574,7.404489956675857,8.553611658133123,115.51925531914893,2122.923920761115,22.229239207611148,2025-10
2025-12-26,Lead Generation,Facebook Ads,East,New Customer,19266,420,22,3427.52,44388.83,2.1800062285892245,5.238095238095238,8.160761904761905,155.79636363636362,1195.0713635514892,12.950713635514893,2025-12
2025-03-27,Retargeting,YouTube Ads,South,New Customer,44422,592,47,10860.09,114072.07,1.3326729998649318,7.939189189189189,18.34474662162162,231.06574468085105,950.3786801030195,10.503786801030195,2025-03
2025-08-02,Product Launch,LinkedIn Ads,South,New Customer,40208,2233,170,16311.29,284141.24,5.553621169916434,7.61307657859382,7.304652933273624,95.94876470588235,1641.9912220308756,17.419912220308753,2025-08
2025-01-15,Brand Awareness,LinkedIn Ads,East,New Customer,36213,2061,144,21200.9,319631.9,5.691326319277607,6.986899563318777,10.286705482775352,147.22847222222222,1407.6336381946048,15.07633638194605,2025-01
2025-09-30,Brand Awareness,Facebook Ads,East,Returning Customer,12367,466,18,6081.6,15908.24,3.7680925042451685,3.862660944206009,13.050643776824035,337.8666666666667,161.57984740857668,2.6157984740857665,2025-09
2025-02-20,Brand Awareness,Google Ads,West,New Customer,84026,3258,143,15084.15,135276.83,3.8773712898388593,4.389195825659914,4.6298802946593005,105.48356643356644,796.8144045239538,8.968144045239539,2025-02
2025-09-10,Lead Generation,Email,North,New Customer,40362,2176,177,12367.04,557133.89,5.391209553540459,8.134191176470589,5.683382352941177,69.8702824858757,4404.989795456309,45.04989795456309,2025-09
2025-02-14,Lead Generation,YouTube Ads,North,Returning Customer,56588,2113,88,28382.46,151610.91,3.7340072100091897,4.164694746805489,13.432304779933743,322.5279545454545,434.171139499536,5.34171139499536,2025-02
2025-07-10,Product Launch,Instagram Ads,West,New Customer,43285,1242,28,21139.48,43646.88,2.8693542797735936,2.254428341384863,17.020515297906602,754.9814285714285,106.47092549107167,2.0647092549107167,2025-07
2025-05-02,Retargeting,Instagram Ads,South,New Customer,79755,2838,118,51744.53,160895.16,3.558397592627421,4.157857646229739,18.232744890768146,438.51296610169493,210.94138839409692,3.1094138839409693,2025-05
2025-07-06,Product Launch,Facebook Ads,East,Returning Customer,76846,4295,403,30350.14,895085.33,5.589100278479036,9.383003492433062,7.066388824214203,75.31052109181141,2849.1967088125457,29.491967088125456,2025-07
2025-08-02,Seasonal Sale,Email,East,Returning Customer,41307,1478,61,11332.68,60314.6,3.578086038685937,4.127198917456021,7.667577807848444,185.7816393442623,432.21832788007777,5.322183278800778,2025-08
2025-05-29,Brand Awareness,Google Ads,East,Returning Customer,85280,2128,134,12560.96,238049.1,2.4953095684803,6.296992481203008,5.902706766917293,93.73850746268656,1795.1505298958043,18.951505298958043,2025-05
2025-06-19,Brand Awareness,Facebook Ads,South,Returning Customer,24867,925,36,10954.18,74043.3,3.719789278964089,3.8918918918918917,11.842356756756757,304.28277777777777,575.9364918232127,6.759364918232127,2025-06
2025-07-28,Brand Awareness,Facebook Ads,East,Returning Customer,61523,2758,204,38649.35,468563.9,4.482876322676073,7.396664249456128,14.01354242204496,189.45759803921567,1112.3461325999015,12.123461325999015,2025-07
2025-03-23,Product Launch,Instagram Ads,East,Returning Customer,89161,3837,262,64930.44,987067.06,4.303451060441224,6.828251237946311,16.922189210320564,247.826106870229,1420.1915465227098,15.201915465227096,2025-03
2025-07-15,Product Launch,Facebook Ads,West,New Customer,11378,492,8,8847.97,15813.51,4.324134294252065,1.6260162601626018,17.983678861788615,1105.99625,78.72472442831521,1.7872472442831522,2025-07
2025-09-03,Brand Awareness,Google Ads,South,New Customer,89685,2026,125,18300.87,219995.33,2.259017672966494,6.16979269496545,9.033005923000987,146.40696,1102.1031240591294,12.021031240591295,2025-09
2025-12-11,Product Launch,Instagram Ads,North,New Customer,81958,3815,49,42363.02,118130.91,4.654823202127919,1.2844036697247707,11.104330275229357,864.5514285714285,178.85384469756883,2.788538446975688,2025-12
2025-12-23,Lead Generation,Facebook Ads,West,New Customer,32926,1166,47,21830.51,64305.51,3.5412743728360563,4.030874785591767,18.72256432246998,464.4789361702127,194.56714478956286,2.945671447895629,2025-12
2025-02-09,Lead Generation,Instagram Ads,West,Returning Customer,18180,442,24,4417.33,84004.83,2.4312431243124313,5.429864253393665,9.9939592760181,184.05541666666667,1801.7105355497551,19.017105355497552,2025-02
2025-06-17,Product Launch,Google Ads,North,Returning Customer,97837,4542,459,53510.02,1031515.89,4.642415446099124,10.105680317040951,11.781158080140907,116.5795642701525,1827.706044587537,19.27706044587537,2025-06
2025-02-12,Brand Awareness,Instagram Ads,West,New Customer,41931,1182,74,24724.1,87209.6,2.818916791872362,6.260575296108291,20.917174280879863,334.10945945945946,252.73114087064852,3.527311408706485,2025-02
2025-11-25,Product Launch,Instagram Ads,South,New Customer,29014,330,11,8200.36,30737.28,1.1373819535396705,3.3333333333333335,24.84957575757576,745.4872727272727,274.8284221668317,3.7482842216683165,2025-11
2025-07-30,Product Launch,Google Ads,East,Returning Customer,84872,1696,79,25719.47,69576.58,1.9983033273635593,4.658018867924528,15.164781839622643,325.56291139240506,170.5210488396534,2.705210488396534,2025-07
2025-06-28,Product Launch,Facebook Ads,South,New Customer,63502,2049,160,16399.27,558004.68,3.226670026140909,7.808687164470474,8.003548072230357,102.49543750000001,3302.61901901731,34.026190190173104,2025-06
2025-01-23,Seasonal Sale,Google Ads,North,Returning Customer,92736,4050,146,42791.25,459326.54,4.367236024844721,3.6049382716049383,10.565740740740742,293.0907534246575,973.4122980749568,10.734122980749568,2025-01
2025-04-05,Lead Generation,Google Ads,North,New Customer,10470,230,18,3491.96,43158.65,2.1967526265520534,7.82608695652174,15.182434782608695,193.99777777777777,1135.9434243233027,12.359434243233027,2025-04
2025-06-09,Retargeting,YouTube Ads,West,New Customer,19953,626,26,10250.53,31546.12,3.1373728261414326,4.15335463258786,16.37464856230032,394.2511538461539,207.75111140594674,3.077511114059468,2025-06
2025-09-01,Retargeting,Facebook Ads,South,New Customer,43507,728,23,8824.32,28624.33,1.6732939526972672,3.159340659340659,12.12131868131868,383.6660869565217,224.38000888453732,3.243800088845373,2025-09
2025-01-17,Seasonal Sale,LinkedIn Ads,South,New Customer,97969,4872,208,80261.37,305487.91,4.9730016637916075,4.269293924466338,16.474008620689656,385.8719711538461,280.6163662544011,3.806163662544011,2025-01
2025-04-22,Product Launch,Facebook Ads,North,Returning Customer,96493,5862,85,92649.85,137693.37,6.075052076316417,1.4500170590242238,15.805160354827704,1089.9982352941176,48.61693785796737,1.4861693785796737,2025-04
2025-04-13,Seasonal Sale,Email,South,Returning Customer,11523,681,6,8397.34,13093.07,5.909919291851081,0.881057268722467,12.330895741556535,1399.5566666666666,55.919255383252306,1.559192553832523,2025-04
2025-11-10,Seasonal Sale,Email,North,Returning Customer,91923,4547,240,27827.78,824190.64,4.946531336009486,5.278205410160545,6.120030789531559,115.94908333333333,2861.754908224803,29.61754908224803,2025-11
2025-03-27,Brand Awareness,Instagram Ads,South,New Customer,62190,2981,158,16573.13,313805.12,4.7933751406978615,5.300234820530023,5.559587386782959,104.89322784810128,1793.457180387772,18.93457180387772,2025-03
2025-02-04,Lead Generation,Instagram Ads,South,New Customer,52761,263,16,8255.31,41987.55,0.4984742518147875,6.083650190114068,31.389011406844105,515.956875,408.61263841091375,5.0861263841091375,2025-02
2025-01-30,Retargeting,Facebook Ads,South,Returning Customer,36169,1362,71,20576.14,171700.51,3.7656556719842955,5.212922173274596,15.107298091042583,289.80478873239434,734.4641414764868,8.344641414764869,2025-01
2025-07-11,Product Launch,Facebook Ads,North,Returning Customer,50641,1395,157,21790.95,502023.69,2.7546849390809816,11.254480286738351,15.620752688172043,138.79585987261146,2203.8173645481265,23.038173645481265,2025-07
2025-06-28,Retargeting,YouTube Ads,West,New Customer,27990,1349,79,11773.81,80916.48,4.819578420864595,5.856189770200148,8.727805782060786,149.03556962025317,587.2582452069466,6.872582452069466,2025-06
2025-04-14,Retargeting,LinkedIn Ads,South,New Customer,34661,173,3,6779.27,5787.52,0.4991200484694614,1.7341040462427744,39.18653179190752,2259.7566666666667,-14.629156236585944,0.8537084376341405,2025-04
2025-06-14,Lead Generation,YouTube Ads,North,Returning Customer,18419,697,18,15017.44,45357.25,3.784135946576904,2.582496413199426,21.545824964131995,834.3022222222222,202.03050586518074,3.0203050586518074,2025-06
2025-05-02,Retargeting,Google Ads,North,New Customer,19457,618,33,9446.24,107809.2,3.176234774117284,5.339805825242718,15.285177993527508,286.24969696969697,1041.2921966835481,11.412921966835482,2025-05
2025-05-14,Retargeting,Email,South,New Customer,72600,3758,165,47490.05,528196.48,5.176308539944904,4.3906333155934005,12.63705428419372,287.81848484848484,1012.2255714618113,11.122255714618113,2025-05
2025-10-17,Seasonal Sale,YouTube Ads,South,New Customer,81102,4721,114,74014.68,275569.64,5.821064831940026,2.4147426392713407,15.677754712984536,649.2515789473683,272.3175456544567,3.723175456544567,2025-10
2025-11-08,Lead Generation,Google Ads,West,New Customer,38085,802,42,10140.02,68078.12,2.1058159380333468,5.236907730673317,12.643416458852869,241.42904761904762,571.3805298214401,6.713805298214401,2025-11
2025-08-12,Brand Awareness,Google Ads,North,Returning Customer,55654,1210,65,9516.77,127991.77,2.1741474107880836,5.371900826446281,7.86509917355372,146.41184615384617,1244.9076735068725,13.449076735068726,2025-08
2025-01-25,Product Launch,Email,North,Returning Customer,11130,428,40,8638.64,39973.62,3.8454627133872417,9.345794392523365,20.183738317757008,215.96599999999998,362.73047609345923,4.627304760934592,2025-01
2025-01-13,Retargeting,Instagram Ads,East,New Customer,7042,429,13,2971.49,32529.1,6.092019312695257,3.0303030303030303,6.926550116550116,228.57615384615383,994.706695967343,10.94706695967343,2025-01
2025-11-15,Product Launch,LinkedIn Ads,North,New Customer,75134,2697,120,40710.97,295664.99,3.5895866052652594,4.4493882091212456,15.094909158324064,339.25808333333333,626.2538573755427,7.262538573755427,2025-11
2025-08-18,Brand Awareness,Google Ads,West,New Customer,47982,758,71,11737.34,187235.6,1.579759076320287,9.366754617414248,15.48461741424802,165.31464788732396,1495.213225483798,15.952132254837979,2025-08
2025-04-12,Product Launch,LinkedIn Ads,East,New Customer,70185,1818,114,34283.05,349935.45,2.590297072023937,6.270627062706271,18.857563256325633,300.72850877192985,920.7243812904627,10.207243812904627,2025-04
2025-07-22,Brand Awareness,Google Ads,East,New Customer,38477,1463,46,21817.83,128429.86,3.8022714868622813,3.1442241968557756,14.913075871496925,474.3006521739131,488.64635025573114,5.886463502557311,2025-07
2025-09-24,Seasonal Sale,Google Ads,East,New Customer,57709,2227,82,15065.17,155305.67,3.859016791141763,3.682083520431073,6.7647822182308035,183.72158536585366,930.892250137237,10.308922501372372,2025-09
2025-12-31,Retargeting,Google Ads,South,New Customer,33716,823,20,7227.63,28894.14,2.440977577411318,2.4301336573511545,8.782053462940462,361.3815,299.7733696938,3.9977336969380004,2025-12
2025-08-10,Brand Awareness,LinkedIn Ads,South,New Customer,83137,2129,121,37271.61,387743.18,2.560833323309718,5.683419445749178,17.506627524659464,308.0298347107438,940.3177646471402,10.403177646471402,2025-08
2025-04-14,Product Launch,Email,North,New Customer,41018,831,67,9463.56,101818.35,2.025939831293578,8.062575210589651,11.388158844765343,141.24716417910446,975.8990274273108,10.758990274273108,2025-04
2025-04-21,Retargeting,Instagram Ads,East,New Customer,13061,680,65,10880.97,74704.8,5.206339483959881,9.558823529411764,16.001426470588235,167.39953846153844,586.5637898091807,6.865637898091807,2025-04
2025-03-10,Seasonal Sale,Facebook Ads,West,New Customer,13609,305,5,8985.53,5897.85,2.241163935630832,1.639344262295082,29.460754098360656,1797.1060000000002,-34.36280330709485,0.6563719669290515,2025-03
2025-12-24,Retargeting,LinkedIn Ads,South,New Customer,40371,1131,86,11436.48,160712.01,2.8015159396596565,7.603890362511052,10.11183023872679,132.98232558139534,1305.257649206749,14.052576492067491,2025-12
2025-09-15,Brand Awareness,Facebook Ads,West,Returning Customer,88021,2429,143,22100.08,172610.25,2.7595687392781265,5.887196377109922,9.09842733635241,154.546013986014,681.0390279130211,7.8103902791302104,2025-09
2025-06-17,Seasonal Sale,LinkedIn Ads,West,New Customer,25805,281,13,5007.49,47620.44,1.0889362526642123,4.6263345195729535,17.820249110320283,385.19153846153847,850.9842256300064,9.509842256300063,2025-06
2025-10-20,Product Launch,Facebook Ads,South,New Customer,12857,283,12,9139.21,42564.57,2.2011355681729796,4.240282685512367,32.29402826855124,761.6008333333333,365.7357692842161,4.657357692842161,2025-10
2025-02-18,Seasonal Sale,Facebook Ads,South,Returning Customer,16620,887,8,10948.63,30767.58,5.336943441636582,0.9019165727170236,12.343438556933483,1368.57875,181.0176250361918,2.8101762503619176,2025-02
2025-09-07,Seasonal Sale,Instagram Ads,South,Returning Customer,13177,222,15,5793.91,14391.38,1.684753737573044,6.756756756756757,26.098693693693694,386.2606666666667,148.38804883058245,2.4838804883058243,2025-09
2025-11-27,Lead Generation,Facebook Ads,South,New Customer,35111,721,15,12605.96,48372.89,2.0534875110364275,2.0804438280166435,17.48399445214979,840.3973333333332,283.730314866936,3.83730314866936,2025-11
2025-03-16,Seasonal Sale,Email,East,Returning Customer,93578,1404,50,28658.09,157950.45,1.500352646989677,3.561253561253561,20.411745014245014,573.1618,451.1548396979702,5.511548396979701,2025-03
2025-07-20,Seasonal Sale,Instagram Ads,East,New Customer,89181,3000,196,19893.31,739044.68,3.363945234971575,6.533333333333332,6.631103333333334,101.49647959183675,3615.041287749499,37.150412877495,2025-07
2025-02-03,Retargeting,Google Ads,East,New Customer,94941,6008,60,36511.69,138058.14,6.328140634709978,0.9986684420772304,6.077178761651132,608.5281666666667,278.12037733668313,3.7812037733668316,2025-02
2025-11-10,Product Launch,YouTube Ads,East,New Customer,16826,555,12,11438.63,32736.67,3.2984666587424223,2.1621621621621623,20.610144144144144,953.2191666666666,186.19397602684938,2.861939760268494,2025-11
2025-04-21,Retargeting,Facebook Ads,North,Returning Customer,18890,680,58,14457.01,61887.57,3.5997882477501326,8.529411764705882,21.260308823529414,249.25879310344828,328.08001101195885,4.280800110119589,2025-04
2025-12-18,Retargeting,Instagram Ads,East,Returning Customer,87428,2016,117,21254.78,344431.88,2.305897424166171,5.803571428571429,10.543045634920635,181.66478632478632,1520.4913906424813,16.204913906424814,2025-12
2025-11-12,Brand Awareness,YouTube Ads,South,New Customer,63031,2147,82,32246.88,82251.92,3.406260411543526,3.8192827200745225,15.019506287843504,393.25463414634146,155.06938965878248,2.5506938965878247,2025-11
2025-08-25,Retargeting,Instagram Ads,West,New Customer,80020,4275,248,72654.8,378001.6,5.342414396400899,5.801169590643275,16.99527485380117,292.9629032258065,420.2706497024284,5.202706497024284,2025-08
2025-02-01,Lead Generation,Google Ads,East,Returning Customer,10495,389,27,3427.55,105578.33,3.7065269175798,6.940874035989718,8.811182519280207,126.9462962962963,2980.2856267596385,30.802856267596386,2025-02
2025-07-28,Lead Generation,YouTube Ads,North,New Customer,33481,2242,186,31792.82,350720.63,6.696335234909352,8.296164139161464,14.180561998215879,170.92913978494624,1003.1441375757169,11.031441375757169,2025-07
2025-05-12,Brand Awareness,Instagram Ads,South,New Customer,16267,876,23,14606.81,27957.32,5.385135550501015,2.6255707762557075,16.674440639269406,635.0786956521739,91.39921721443629,1.913992172144363,2025-05
2025-04-16,Product Launch,Facebook Ads,West,Returning Customer,11743,395,11,8593.19,40156.32,3.3637060376394445,2.7848101265822782,21.754911392405063,781.199090909091,367.3039930456559,4.673039930456559,2025-04
2025-02-02,Product Launch,Google Ads,West,Returning Customer,59800,1998,140,17925.71,510568.18,3.3411371237458196,7.007007007007007,8.971826826826826,128.0407857142857,2748.2452298960543,28.482452298960546,2025-02
2025-02-12,Retargeting,LinkedIn Ads,East,Returning Customer,53773,3197,227,49121.94,332089.26,5.945362914473806,7.1004066312167655,15.36501094776353,216.3962114537445,576.0507830106059,6.760507830106058,2025-02
2025-04-17,Retargeting,Instagram Ads,West,Returning Customer,62042,2299,49,21819.76,141222.96,3.7055543019245025,2.1313614615050023,9.490978686385384,445.3012244897959,547.2250840522536,6.472250840522536,2025-04
2025-09-22,Retargeting,Instagram Ads,East,New Customer,54476,3057,92,16402.12,149397.77,5.61164549526397,3.0094864245992805,5.365430160287864,178.28391304347824,810.8442689115798,9.108442689115797,2025-09
2025-08-14,Product Launch,YouTube Ads,East,Returning Customer,97105,6316,316,113999.24,501076.84,6.504299469646259,5.00316656111463,18.049278024065867,360.75708860759494,339.5440180127517,4.395440180127516,2025-08
2025-06-28,Seasonal Sale,LinkedIn Ads,South,New Customer,33552,1071,59,14602.08,99141.58,3.1920600858369097,5.508870214752568,13.63406162464986,247.4928813559322,578.955189945542,6.78955189945542,2025-06
2025-08-10,Lead Generation,Google Ads,South,New Customer,70242,2829,159,45159.38,167180.05,4.027504911591356,5.620360551431601,15.96301873453517,284.0212578616352,270.20005589093563,3.702000558909356,2025-08
2025-05-05,Seasonal Sale,Facebook Ads,North,New Customer,50772,2523,53,42634.91,75968.17,4.96927440321437,2.1006738010305193,16.89849782005549,804.4322641509434,78.18301950209346,1.7818301950209345,2025-05
2025-10-03,Seasonal Sale,Facebook Ads,South,New Customer,48730,2266,126,13732.18,126008.86,4.650112866817156,5.560458958517211,6.060097087378641,108.98555555555556,817.6173047542342,9.176173047542342,2025-10
2025-06-16,Product Launch,Email,South,New Customer,33948,1575,58,14132.77,162994.28,4.639448568398728,3.6825396825396823,8.973187301587302,243.6684482758621,1053.307384185832,11.533073841858318,2025-06
2025-05-31,Seasonal Sale,Google Ads,East,New Customer,81311,1219,31,10794.18,72695.8,1.4991821524762947,2.543068088597211,8.854946677604595,348.19935483870967,573.4721859372365,6.734721859372366,2025-05
2025-02-10,Brand Awareness,Instagram Ads,South,Returning Customer,74093,1650,90,17255.01,303771.34,2.226931019124614,5.454545454545454,10.457581818181817,191.72233333333332,1660.481970164028,17.60481970164028,2025-02
2025-10-27,Retargeting,Email,East,New Customer,74123,2043,106,30802.62,252309.24,2.7562295104083754,5.188448360254528,15.077151248164464,290.5907547169811,719.1161660923649,8.19116166092365,2025-10
2025-02-04,Brand Awareness,LinkedIn Ads,East,New Customer,21535,1146,85,19551.78,97203.3,5.321569537961459,7.4171029668411865,17.06089005235602,230.0209411764706,397.15831499740693,4.9715831499740695,2025-02
2025-11-10,Lead Generation,Facebook Ads,South,Returning Customer,71490,1177,39,16412.37,136595.85,1.6463841096656873,3.3135089209855564,13.944239592183516,420.83,732.2737666772076,8.322737666772076,2025-11
2025-10-31,Retargeting,LinkedIn Ads,North,New Customer,51562,2982,181,22291.14,631219.7,5.783328808036926,6.069751844399732,7.47523138832998,123.15546961325967,2731.7066780792725,28.317066780792725,2025-10
2025-08-19,Seasonal Sale,Google Ads,North,New Customer,94080,4393,69,42051.59,118383.3,4.669430272108843,1.5706806282722512,9.57240837696335,609.4433333333333,181.51920058195185,2.815192005819519,2025-08
2025-08-03,Lead Generation,LinkedIn Ads,West,New Customer,63535,3323,159,41965.2,181924.35,5.230188085307311,4.78483298224496,12.628708997893469,263.9320754716981,333.51241028280583,4.335124102828058,2025-08
2025-11-10,Retargeting,Google Ads,West,New Customer,46269,974,64,13131.77,174930.47,2.1050811558494886,6.570841889117044,13.482310061601643,205.18390625,1232.1164625941515,13.321164625941513,2025-11
2025-04-11,Seasonal Sale,Facebook Ads,South,New Customer,85674,3091,212,22418.61,507740.33,3.6078623619767956,6.858621805241022,7.252866386282757,105.74816037735849,2164.816284328065,22.648162843280648,2025-04
2025-02-26,Brand Awareness,LinkedIn Ads,North,New Customer,47462,1873,128,28293.2,442379.84,3.9463149466941974,6.833956219967965,15.105819540843568,221.040625,1463.5553419196133,15.635553419196132,2025-02
2025-08-03,Retargeting,Google Ads,East,New Customer,8127,315,23,4376.0,19539.96,3.875968992248062,7.301587301587302,13.892063492063492,190.2608695652174,346.52559414990856,4.465255941499086,2025-08
2025-06-05,Seasonal Sale,Google Ads,West,New Customer,28147,1109,48,12624.0,48791.73,3.940029132767257,4.328223624887286,11.383228133453562,263.0,286.49976235741445,3.8649976235741446,2025-06
2025-03-05,Brand Awareness,Email,East,New Customer,50528,1558,104,24038.85,247508.45,3.0834388853704873,6.675224646983311,15.429300385109114,231.14278846153846,929.618513364824,10.296185133648242,2025-03
2025-03-03,Lead Generation,Email,West,New Customer,82095,3039,309,14526.29,847517.23,3.7018088799561486,10.16781836130306,4.779957222770649,47.01064724919094,5734.368100870903,58.343681008709034,2025-03
2025-12-05,Lead Generation,Email,South,Returning Customer,73931,3733,161,45298.41,128387.74,5.049302728219556,4.3128850790249125,12.134586123761052,281.3565838509317,183.42659267731472,2.834265926773147,2025-12
2025-03-03,Lead Generation,Email,North,Returning Customer,95925,1678,150,17657.66,239726.81,1.7492832942402918,8.939213349225268,10.523039332538737,117.71773333333333,1257.636345925791,13.576363459257909,2025-03
2025-04-04,Lead Generation,Instagram Ads,West,New Customer,71381,4154,319,18585.49,669608.17,5.819475770863395,7.679345209436687,4.474118921521425,58.26172413793104,3502.854538675063,36.02854538675063,2025-04
2025-12-07,Product Launch,Facebook Ads,North,New Customer,68749,3418,165,24219.69,441894.21,4.971708679398973,4.827384435342305,7.085924517261556,146.786,1724.5246326439358,18.245246326439357,2025-12
2025-01-26,Retargeting,Facebook Ads,East,Returning Customer,43672,896,45,16451.44,76202.04,2.0516578127862246,5.022321428571429,18.360982142857143,365.5875555555555,363.1937386636063,4.631937386636063,2025-01
2025-05-01,Retargeting,Google Ads,South,New Customer,18731,763,44,9972.09,84151.53,4.073461107255352,5.766710353866317,13.069580602883356,226.6384090909091,743.8705426846328,8.438705426846328,2025-05
2025-02-19,Product Launch,YouTube Ads,North,New Customer,59512,2887,217,52496.98,709487.98,4.851122462696599,7.516453065465882,18.183921025285766,241.92156682027652,1251.483418665226,13.51483418665226,2025-02
2025-09-09,Seasonal Sale,Instagram Ads,South,New Customer,56024,922,59,13996.38,214289.14,1.6457232614593746,6.399132321041215,15.180455531453362,237.22677966101693,1431.0325955711407,15.310325955711408,2025-09
2025-02-05,Seasonal Sale,Facebook Ads,North,Returning Customer,8832,314,13,5953.43,19570.15,3.5552536231884058,4.140127388535031,18.959968152866242,457.9561538461539,228.72058628387336,3.2872058628387335,2025-02
2025-10-16,Lead Generation,Instagram Ads,East,Returning Customer,37332,1262,12,14997.94,17731.66,3.3804778742097934,0.9508716323296356,11.884263074484945,1249.8283333333334,18.227303216308368,1.1822730321630837,2025-10
2025-04-10,Brand Awareness,YouTube Ads,East,New Customer,17467,442,31,7052.84,99279.27,2.5304860594263467,7.013574660633484,15.956651583710407,227.5109677419355,1307.649542595607,14.076495425956068,2025-04
2025-11-20,Seasonal Sale,Google Ads,South,Returning Customer,46025,1674,16,17467.4,28787.25,3.637153720803911,0.955794504181601,10.434528076463561,1091.7125,64.8055806817271,1.6480558068172708,2025-11
2025-11-25,Brand Awareness,Instagram Ads,East,New Customer,18107,470,9,4946.9,24678.58,2.595681228254266,1.9148936170212765,10.52531914893617,549.6555555555556,398.8695950999616,4.988695950999617,2025-11
2025-05-16,Retargeting,Instagram Ads,West,Returning Customer,82994,4615,207,50551.61,443403.79,5.5606429380437135,4.485373781148429,10.953761646803901,244.21067632850242,777.1308965233749,8.771308965233748,2025-05
2025-07-13,Brand Awareness,Instagram Ads,North,New Customer,99202,2539,62,18587.09,102734.75,2.5594242051571543,2.4419062623079952,7.3206341079165025,299.7917741935484,452.72100151234,5.5272100151234005,2025-07
2025-08-09,Retargeting,Google Ads,East,New Customer,48481,2272,142,18886.03,347952.55,4.686371980775974,6.25,8.312513204225352,133.00021126760564,1742.3805850144263,18.423805850144262,2025-08
2025-10-06,Product Launch,LinkedIn Ads,West,Returning Customer,7581,77,3,5242.85,7073.44,1.0156971375807942,3.896103896103896,68.08896103896105,1747.6166666666668,34.91593312797427,1.3491593312797427,2025-10
2025-11-22,Product Launch,YouTube Ads,South,New Customer,80118,2609,194,30603.6,434563.67,3.256446741056941,7.435799156765044,11.73001149865849,157.7505154639175,1319.9756564587174,14.199756564587172,2025-11
2025-02-24,Lead Generation,Instagram Ads,West,New Customer,56638,1992,29,29652.43,28029.85,3.5170733429852747,1.4558232931726909,14.885758032128514,1022.4975862068966,-5.4719967301162225,0.9452800326988378,2025-02
2025-04-20,Seasonal Sale,Email,South,Returning Customer,13418,430,16,9359.61,62512.64,3.2046504695185574,3.7209302325581395,21.766534883720933,584.975625,567.8979145498583,6.678979145498583,2025-04
2025-05-29,Lead Generation,YouTube Ads,South,New Customer,98627,2865,157,26496.86,266012.94,2.90488405811796,5.479930191972077,9.248467713787086,168.76980891719745,903.9413726758568,10.039413726758566,2025-05
2025-09-22,Retargeting,Email,North,New Customer,34113,852,47,6245.2,132217.88,2.4975815671444903,5.516431924882629,7.330046948356808,132.87659574468086,2017.1120220329215,21.171120220329215,2025-09
2025-06-11,Lead Generation,Google Ads,North,New Customer,89363,4139,299,41646.77,974957.44,4.631670825733245,7.223967141821697,10.062036723846338,139.28685618729097,2241.015737835131,23.41015737835131,2025-06
2025-07-06,Brand Awareness,Instagram Ads,West,Returning Customer,68044,3401,109,59181.15,235118.75,4.99823643524778,3.204939723610703,17.401102616877388,542.9463302752293,297.2865515455513,3.972865515455512,2025-07
2025-05-09,Retargeting,Instagram Ads,North,Returning Customer,84955,2868,124,13927.81,355522.19,3.375904890824554,4.323570432357044,4.8562796373779635,112.32104838709677,2452.6065476194754,25.526065476194752,2025-05
2025-04-18,Product Launch,Facebook Ads,North,New Customer,66030,1224,82,17918.77,316780.91,1.8537028623353022,6.699346405228758,14.63951797385621,218.52158536585367,1667.8719577292413,17.678719577292412,2025-04
2025-03-09,Seasonal Sale,Email,North,Returning Customer,16814,1040,10,15241.45,16160.01,6.185321755679791,0.9615384615384616,14.655240384615386,1524.145,6.02672317922507,1.0602672317922508,2025-03
2025-03-07,Retargeting,YouTube Ads,West,New Customer,15024,327,21,2787.65,40431.46,2.1765175718849843,6.422018348623854,8.524923547400611,132.7452380952381,1350.3779168833964,14.503779168833963,2025-03
2025-05-24,Retargeting,YouTube Ads,East,Returning Customer,68288,895,66,8415.93,190133.01,1.3106255857544518,7.374301675977654,9.40327374301676,127.51409090909091,2159.203795658947,22.59203795658947,2025-05
2025-02-22,Brand Awareness,Facebook Ads,North,New Customer,62836,314,6,4727.23,7269.26,0.49971354000891205,1.910828025477707,15.054872611464967,787.8716666666666,53.7741975744781,1.537741975744781,2025-02
2025-05-08,Seasonal Sale,Google Ads,North,New Customer,12435,453,21,9015.71,18807.64,3.642943305186972,4.635761589403973,19.902229580573948,429.3195238095238,108.60963806511081,2.086096380651108,2025-05
2025-11-17,Product Launch,YouTube Ads,West,Returning Customer,72084,2287,211,28431.16,708360.86,3.1726874202319517,9.226060341058155,12.43163970266725,134.74483412322274,2391.494754346991,24.91494754346991,2025-11
2025-07-26,Retargeting,LinkedIn Ads,East,Unknown,75601,3815,272,48688.72,787857.53,5.0462295472282115,7.129750982961992,12.762442988204457,179.00264705882353,1518.1520688980938,16.18152068898094,2025-07
2025-11-16,Retargeting,Google Ads,North,New Customer,93416,4125,272,54761.87,813425.59,4.415731780423053,6.593939393939394,13.27560484848485,201.3304044117647,1385.3868028977095,14.853868028977095,2025-11
2025-08-04,Brand Awareness,YouTube Ads,South,New Customer,8407,330,26,6236.09,26048.03,3.9253003449506365,7.878787878787878,18.897242424242425,239.8496153846154,317.6981089111927,4.176981089111927,2025-08
2025-03-09,Lead Generation,LinkedIn Ads,West,Returning Customer,37940,1173,117,16662.35,142440.37,3.091723774380601,9.974424552429667,14.204901960784312,142.41324786324785,754.8636296800871,8.548636296800872,2025-03
2025-03-03,Product Launch,Instagram Ads,North,New Customer,10666,550,30,6717.99,28986.58,5.156572285767861,5.454545454545454,12.214527272727272,223.933,331.4769745117216,4.314769745117215,2025-03
2025-07-29,Seasonal Sale,Instagram Ads,North,New Customer,42122,2654,118,25106.69,352952.2,6.300745453682162,4.446119065561416,9.459943481537302,212.7685593220339,1305.8093679413735,14.058093679413735,2025-07
2025-12-03,Retargeting,Facebook Ads,South,New Customer,30092,1508,120,11943.46,332311.31,5.011298684035624,7.957559681697612,7.9200663129973465,99.52883333333332,2682.3705190958067,27.823705190958066,2025-12
2025-11-23,Retargeting,Google Ads,South,New Customer,80645,2261,113,35123.02,221433.09,2.8036456072912146,4.997788589119859,15.534285714285712,310.82318584070794,530.4500296386815,6.304500296386815,2025-11
2025-02-21,Product Launch,Facebook Ads,West,New Customer,31505,1472,46,7780.63,48464.04,4.67227424218378,3.125,5.285754076086957,169.14413043478262,522.8806664755939,6.228806664755939,2025-02
2025-04-26,Lead Generation,LinkedIn Ads,West,Returning Customer,41713,1208,50,16442.9,111141.48,2.8959796706062857,4.13907284768212,13.611672185430464,328.858,575.9238333870544,6.759238333870545,2025-04
2025-03-06,Retargeting,Google Ads,South,Returning Customer,59387,1094,68,8636.06,182621.23,1.8421540067691582,6.2157221206581355,7.894021937842778,127.00088235294118,2014.6359566746878,21.146359566746874,2025-03
2025-05-10,Product Launch,Facebook Ads,West,New Customer,48169,1036,45,18536.47,48231.89,2.150760862795574,4.343629343629344,17.892345559845563,411.9215555555556,160.19997334983412,2.6019997334983413,2025-05
2025-06-26,Brand Awareness,Facebook Ads,South,New Customer,78282,2319,105,21177.58,307144.88,2.9623668276232085,4.527813712807244,9.1322035360069,201.6912380952381,1350.330396579779,14.503303965797791,2025-06
2025-10-05,Lead Generation,Instagram Ads,North,New Customer,82511,3016,88,28236.75,128688.0,3.6552702063967226,2.9177718832891246,9.362317639257295,320.87215909090907,355.7465005710643,4.557465005710643,2025-10
2025-06-12,Seasonal Sale,YouTube Ads,South,New Customer,56742,3739,339,66882.8,873424.53,6.589475168305664,9.066595346349292,17.887884461085854,197.294395280236,1205.9030572882714,13.059030572882714,2025-06
2025-11-28,Retargeting,Facebook Ads,South,Returning Customer,45522,991,46,11556.06,147878.61,2.176969377443873,4.641775983854692,11.661009081735621,251.2186956521739,1179.6628781782026,12.796628781782026,2025-11
2025-06-01,Product Launch,Facebook Ads,East,New Customer,86132,4724,175,86899.4,367623.63,5.484605024845586,3.7044877222692634,18.395300592718034,496.568,323.0450728083278,4.230450728083278,2025-06
2025-12-16,Brand Awareness,Email,South,New Customer,8880,268,10,3631.96,14553.37,3.0180180180180183,3.731343283582089,13.552089552238806,363.196,300.70292624368113,4.007029262436811,2025-12
2025-08-24,Seasonal Sale,Facebook Ads,South,Returning Customer,48454,242,18,6862.92,29942.8,0.49944277046270685,7.43801652892562,28.359173553719007,381.2733333333333,336.29825205597615,4.362982520559761,2025-08
2025-06-07,Product Launch,Google Ads,East,New Customer,60711,1664,115,26969.33,361070.44,2.7408542109337684,6.9110576923076925,16.207530048076926,234.51591304347826,1238.8187248255701,13.388187248255702,2025-06
2025-11-23,Product Launch,Facebook Ads,West,Returning Customer,48539,2555,108,46065.7,150980.14,5.2638084838995445,4.227005870841487,18.029628180039136,426.5342592592592,227.7495837466923,3.277495837466923,2025-11
2025-04-16,Seasonal Sale,Google Ads,East,New Customer,73321,2945,164,27047.43,459527.44,4.016584607411247,5.568760611205433,9.18418675721562,164.9233536585366,1598.9689593429025,16.989689593429024,2025-04
2025-11-02,Brand Awareness,Google Ads,North,Returning Customer,92985,3818,236,68689.82,812095.7,4.106038608377696,6.181246726034574,17.991047668936616,291.05855932203394,1082.264999384188,11.82264999384188,2025-11
2025-09-12,Brand Awareness,Instagram Ads,East,Returning Customer,19799,1087,40,17919.46,129969.67,5.490176271528865,3.6798528058877644,16.48524379024839,447.9865,625.2990324485224,7.252990324485225,2025-09
2025-12-24,Lead Generation,Facebook Ads,North,Returning Customer,65102,1266,20,20825.2,50475.23,1.944640717643083,1.579778830963665,16.44960505529226,1041.26,142.3757274840098,2.4237572748400975,2025-12
2025-04-23,Retargeting,YouTube Ads,West,Returning Customer,55726,1071,72,12294.12,212899.1,1.9219035997559488,6.722689075630252,11.479103641456584,170.75166666666667,1631.714836035438,17.31714836035438,2025-04
2025-01-30,Seasonal Sale,Facebook Ads,East,New Customer,53784,268,10,5756.29,38531.21,0.4982894541127473,3.731343283582089,21.478694029850747,575.629,569.3757611239183,6.6937576112391834,2025-01
2025-01-12,Seasonal Sale,Instagram Ads,East,New Customer,48333,2327,153,41404.75,244719.66,4.814515962179049,6.574989256553502,17.7931886549205,270.6192810457516,491.0424770104879,5.910424770104879,2025-01
2025-06-26,Seasonal Sale,Instagram Ads,West,New Customer,45828,1990,125,38225.14,175125.7,4.342323470367461,6.281407035175879,19.208613065326634,305.80111999999997,358.14273015089026,4.581427301508903,2025-06
2025-12-04,Brand Awareness,Google Ads,North,New Customer,74526,3417,192,41920.37,192153.73,4.5849770549875215,5.618964003511852,12.268179689786363,218.33526041666667,358.37794370612664,4.583779437061266,2025-12
2025-02-15,Retargeting,Email,East,New Customer,59362,1024,45,6037.9,51659.76,1.725009265186483,4.39453125,5.89638671875,134.17555555555555,755.5915136057239,8.555915136057239,2025-02
2025-06-20,Lead Generation,Google Ads,North,New Customer,58997,645,25,7776.87,68572.2,1.09327592928454,3.875968992248062,12.057162790697674,311.0748,781.745483722886,8.817454837228858,2025-06
2025-05-10,Product Launch,YouTube Ads,East,New Customer,55341,841,22,11305.02,51640.21,1.5196689615294265,2.6159334126040426,13.442354340071343,513.8645454545455,356.79008086673,4.5679008086673,2025-05
2025-09-02,Product Launch,Google Ads,South,New Customer,24073,509,20,4209.32,60410.55,2.114402027167366,3.9292730844793713,8.269783889980353,210.46599999999998,1335.1617363374608,14.351617363374608,2025-09
2025-12-19,Seasonal Sale,Facebook Ads,East,New Customer,19549,1139,78,13716.0,209679.27,5.826384981328968,6.848112379280071,12.04214223002634,175.84615384615384,1428.7202537182852,15.287202537182852,2025-12
2025-07-22,Retargeting,Google Ads,West,Returning Customer,88795,4439,399,38128.23,1089599.41,4.999155357846726,8.988510925884208,8.58937373282271,95.55947368421053,2757.723555486315,28.57723555486315,2025-07
2025-08-14,Brand Awareness,YouTube Ads,West,New Customer,61920,1741,150,27482.23,416385.87,2.8116925064599485,8.61573808156232,15.785313038483629,183.21486666666667,1415.109472557358,15.15109472557358,2025-08
2025-03-21,Retargeting,Instagram Ads,North,New Customer,90326,3566,209,20142.84,177389.68,3.9479219715253637,5.860908581043186,5.648581043185642,96.37722488038277,780.6587353123988,8.806587353123987,2025-03
2025-11-06,Retargeting,Instagram Ads,East,New Customer,80515,1998,179,23093.85,600654.57,2.481525181643172,8.958958958958958,11.558483483483483,129.0159217877095,2500.9286888067604,26.009286888067603,2025-11
2025-02-04,Brand Awareness,Google Ads,North,New Customer,25316,1024,48,16478.57,99282.21,4.044872807710539,4.6875,16.092353515625,343.30354166666666,502.4928740782727,6.024928740782726,2025-02
2025-02-21,Seasonal Sale,Email,North,Returning Customer,31183,559,12,10409.32,27721.45,1.7926434275085785,2.146690518783542,18.62132379248658,867.4433333333333,166.31374575860863,2.6631374575860867,2025-02
2025-06-10,Retargeting,Google Ads,South,New Customer,98860,4572,471,46151.25,453001.36,4.624721828848878,10.301837270341208,10.094324146981627,97.98566878980891,881.558159313128,9.81558159313128,2025-06
2025-03-25,Product Launch,YouTube Ads,South,New Customer,29624,659,45,6988.93,170683.12,2.2245476640561708,6.828528072837632,10.60535660091047,155.30955555555556,2342.192438613636,24.42192438613636,2025-03
2025-11-24,Brand Awareness,Google Ads,West,Returning Customer,67515,3179,52,47545.41,161387.73,4.708583277790121,1.635734507706826,14.956089965397926,914.3348076923078,239.43913828905883,3.3943913828905883,2025-11
2025-01-26,Lead Generation,Google Ads,North,New Customer,90781,2595,243,45433.02,575803.48,2.858527665480662,9.364161849710982,17.507907514450867,186.96716049382715,1167.367830709911,12.67367830709911,2025-01
2025-08-13,Seasonal Sale,Google Ads,West,New Customer,51705,1196,43,17931.86,106361.65,2.313122521999807,3.595317725752508,14.99319397993311,417.02000000000004,493.14343297348955,5.931434329734896,2025-08
2025-11-13,Brand Awareness,Instagram Ads,East,New Customer,94326,5583,233,95847.21,611715.57,5.918834679727753,4.173383485581229,17.167689414293392,411.3614163090129,538.219484949014,6.382194849490141,2025-11
2025-06-03,Lead Generation,Instagram Ads,North,Returning Customer,31756,1195,96,20900.22,137416.85,3.763068396523492,8.03347280334728,17.489723849372385,217.71062500000002,557.489969005111,6.57489969005111,2025-06
2025-10-20,Lead Generation,Google Ads,North,New Customer,65390,1972,175,32267.38,276716.48,3.0157516439822603,8.874239350912779,16.362768762677486,184.38502857142856,757.5734379425908,8.575734379425908,2025-10
2025-04-05,Retargeting,Email,East,New Customer,73369,3402,101,22558.86,287625.32,4.636835720808516,2.9688418577307467,6.6310582010582015,223.3550495049505,1174.9993572370236,12.749993572370235,2025-04
2025-08-13,Retargeting,Facebook Ads,East,New Customer,75821,1129,103,14290.36,98550.68,1.4890333812532148,9.12311780336581,12.657537643932685,138.74135922330098,589.6304921639481,6.896304921639482,2025-08
2025-09-24,Retargeting,Instagram Ads,West,New Customer,14589,752,57,10649.48,102311.39,5.154568510521626,7.579787234042554,14.161542553191488,186.83298245614034,860.7172368979519,9.60717236897952,2025-09
2025-02-10,Brand Awareness,Facebook Ads,West,New Customer,19116,629,22,8758.39,52811.34,3.2904373299853527,3.4976152623211445,13.92430842607313,398.1086363636363,502.9799997488123,6.029799997488123,2025-02
2025-05-13,Brand Awareness,Facebook Ads,East,New Customer,78181,3440,168,40655.36,268775.27,4.400046046993515,4.883720930232558,11.818418604651162,241.9961904761905,561.106604393615,6.611066043936151,2025-05
2025-03-07,Seasonal Sale,Instagram Ads,West,New Customer,49786,586,54,7268.86,74180.94,1.1770377214477965,9.215017064846416,12.40419795221843,134.6085185185185,920.5305921423717,10.205305921423719,2025-03
2025-07-29,Retargeting,Google Ads,East,Returning Customer,99686,2917,46,40947.31,74296.22,2.926188231045483,1.576962632841961,14.037473431607815,890.1589130434783,81.44346966870353,1.8144346966870353,2025-07
2025-06-02,Lead Generation,Google Ads,North,Returning Customer,81425,2855,255,35026.3,375553.5,3.5062941357077064,8.93169877408056,12.268406304728547,137.3580392156863,972.2043150432673,10.722043150432674,2025-06
2025-06-21,Product Launch,LinkedIn Ads,North,New Customer,35286,1780,135,22557.79,251673.14,5.04449356685371,7.584269662921349,12.67291573033708,167.09474074074075,1015.6817223673064,11.156817223673064,2025-06
2025-11-21,Seasonal Sale,YouTube Ads,South,Returning Customer,20994,949,64,20679.93,161418.53,4.5203391445174805,6.743940990516332,21.791285563751316,323.12390625,680.5564622317387,7.8055646223173865,2025-11
2025-02-28,Brand Awareness,Facebook Ads,North,New Customer,95198,2771,161,29914.44,480032.96,2.9107754364587493,5.810176831468784,10.795539516420064,185.8039751552795,1504.6864323717912,16.046864323717912,2025-02
2025-07-03,Seasonal Sale,Facebook Ads,East,New Customer,31639,1258,131,13817.76,160307.19,3.976105439489238,10.41335453100159,10.983910969793323,105.47908396946565,1060.1532375725153,11.601532375725153,2025-07
2025-06-29,Seasonal Sale,Email,West,Returning Customer,22205,1195,128,14765.02,421967.03,5.381670794866021,10.711297071129707,12.355665271966528,115.35171875,2757.8832267074476,28.57883226707448,2025-06
2025-11-18,Seasonal Sale,Facebook Ads,South,Returning Customer,61677,1973,78,33434.89,117607.43,3.1989234236425244,3.9533705017739487,16.946218955904712,428.6524358974359,251.75061141221042,3.5175061141221042,2025-11
2025-11-20,Seasonal Sale,Google Ads,West,Returning Customer,37930,1151,80,16722.87,205707.1,3.034537305562879,6.950477845351869,14.528992180712423,209.03587499999998,1130.0944754100226,12.300944754100223,2025-11
2025-01-12,Product Launch,Google Ads,East,New Customer,78313,521,53,7929.05,120277.68,0.6652790724400802,10.17274472168906,15.21890595009597,149.60471698113207,1416.924221691123,15.16924221691123,2025-01
2025-03-09,Retargeting,Email,North,Returning Customer,98851,3045,107,21846.42,241342.75,3.080393723887467,3.5139573070607555,7.174522167487684,204.17214953271025,1004.7244811735746,11.047244811735744,2025-03
2025-11-25,Lead Generation,Email,South,New Customer,97509,868,53,12882.97,141841.13,0.890174240326534,6.105990783410138,14.84213133640553,243.07490566037734,1000.9971303201048,11.009971303201048,2025-11
2025-07-21,Seasonal Sale,Google Ads,East,Returning Customer,23316,776,62,10109.73,111148.91,3.3281866529421853,7.989690721649484,13.028002577319587,163.06016129032258,999.4251082867694,10.994251082867693,2025-07
2025-01-06,Seasonal Sale,Google Ads,South,Returning Customer,32304,1609,16,27167.73,30316.77,4.980807330361565,0.9944064636420136,16.884853946550653,1697.983125,11.591104593574807,1.115911045935748,2025-01
2025-01-15,Seasonal Sale,Google Ads,South,New Customer,92876,464,35,10390.9,114502.72,0.4995908523192213,7.543103448275862,22.39418103448276,296.8828571428571,1001.9519002203853,11.019519002203852,2025-01
2025-02-11,Retargeting,Email,North,Returning Customer,90366,4835,134,70039.2,176473.06,5.350463669964367,2.7714581178903828,14.485873836608066,522.6805970149253,151.96327199625352,2.5196327199625355,2025-02
2025-01-31,Brand Awareness,Google Ads,East,New Customer,18403,552,33,12610.59,45438.82,2.9995109493017442,5.978260869565218,22.845271739130435,382.1390909090909,260.32271289447993,3.6032271289447997,2025-01
2025-06-30,Brand Awareness,Google Ads,West,New Customer,85052,2942,245,34485.15,195818.33,3.459060339556977,8.327668252889191,11.721668932698845,140.7557142857143,467.83377772751453,5.6783377772751455,2025-06
2025-09-19,Product Launch,LinkedIn Ads,South,New Customer,89627,2461,24,38493.24,29157.37,2.7458243609626565,0.9752133279154815,15.64130028443722,1603.885,-24.253271483512428,0.7574672851648757,2025-09
2025-10-16,Brand Awareness,Google Ads,South,New Customer,78495,730,54,10494.08,117923.71,0.9299955411172687,7.397260273972603,14.37545205479452,194.33481481481482,1023.7165144538636,11.237165144538636,2025-10
2025-01-21,Seasonal Sale,Email,West,Returning Customer,36932,858,90,13453.72,218134.29,2.3231885627639985,10.48951048951049,15.68032634032634,149.48577777777777,1521.3678447299335,16.213678447299337,2025-01
2025-07-01,Seasonal Sale,Google Ads,East,Returning Customer,41701,2771,115,21639.32,164721.61,6.644924582144313,4.150126308191989,7.809209671598701,188.168,661.2143542403364,7.612143542403365,2025-07
2025-07-03,Seasonal Sale,Google Ads,South,New Customer,8385,155,10,3281.07,11053.54,1.8485390578413834,6.451612903225806,21.168193548387098,328.107,236.88827120421087,3.368882712042108,2025-07
2025-09-01,Product Launch,Facebook Ads,South,Returning Customer,62241,695,61,8548.33,165628.01,1.1166273035458942,8.776978417266188,12.299755395683453,140.13655737704917,1837.5481526801145,19.375481526801142,2025-09
2025-12-16,Seasonal Sale,Email,South,Returning Customer,15367,570,8,6934.55,21746.42,3.709247087915663,1.4035087719298245,12.165877192982457,866.81875,213.59525852434547,3.1359525852434547,2025-12
2025-05-29,Brand Awareness,LinkedIn Ads,East,New Customer,70030,2360,174,18749.91,698860.77,3.3699842924460945,7.372881355932204,7.944877118644068,107.75810344827586,3627.2753309215886,37.27275330921589,2025-05
2025-09-13,Retargeting,LinkedIn Ads,East,Returning Customer,51505,1552,125,24083.68,401636.85,3.013299679642753,8.054123711340207,15.517835051546392,192.66944,1567.6722577280548,16.676722577280547,2025-09
2025-04-10,Retargeting,Facebook Ads,West,New Customer,38332,1349,95,10051.48,342244.17,3.5192528435771675,7.042253521126761,7.451060044477391,105.80505263157895,3304.913206811335,34.04913206811335,2025-04
2025-02-24,Lead Generation,Email,East,Returning Customer,90178,4027,230,32934.94,741873.28,4.465612455366054,5.7114477278371,8.178529923019617,143.19539130434782,2152.5417687112836,22.525417687112835,2025-02
2025-07-05,Brand Awareness,Google Ads,East,New Customer,81325,2130,63,32168.23,174935.62,2.6191208115585614,2.9577464788732395,15.102455399061032,510.6068253968254,443.81487573298244,5.438148757329825,2025-07
2025-11-16,Seasonal Sale,Facebook Ads,North,New Customer,40268,1526,137,17853.62,137579.13,3.7896096155756434,8.977719528178243,11.69961992136304,130.31839416058392,670.5951510113916,7.705951510113916,2025-11
2025-03-27,Retargeting,YouTube Ads,West,New Customer,91486,4607,257,66181.19,593674.35,5.035743173818945,5.578467549381376,14.365354894725419,257.5143579766537,797.0439334801927,8.970439334801927,2025-03
2025-06-23,Brand Awareness,Google Ads,South,Returning Customer,30563,613,19,10132.44,19522.04,2.005693158394137,3.0995106035889073,16.52926590538336,533.2863157894737,92.66869579291858,1.9266869579291859,2025-06
2025-01-22,Retargeting,Google Ads,East,New Customer,41404,207,9,7726.31,29252.01,0.4999516954883586,4.3478260869565215,37.325169082125605,858.478888888889,278.6025929583462,3.7860259295834617,2025-01
2025-09-01,Seasonal Sale,Google Ads,South,New Customer,60182,2711,174,36524.15,372097.51,4.504669170183776,6.418295831796385,13.47257469568425,209.90890804597703,918.7711692126989,10.18771169212699,2025-09
2025-03-01,Retargeting,Google Ads,South,New Customer,37991,2756,44,15907.65,106237.81,7.254349714406043,1.5965166908563133,5.772006531204644,361.53749999999997,567.841007314091,6.678410073140911,2025-03
2025-04-14,Lead Generation,Google Ads,North,Returning Customer,52663,1837,101,19256.78,88806.63,3.488217534132123,5.498094719651606,10.48273271638541,190.66118811881188,361.1707149378038,4.611707149378038,2025-04
2025-05-19,Lead Generation,Instagram Ads,East,New Customer,70886,2695,120,19394.99,270818.77,3.801879073441864,4.452690166975881,7.1966567717996295,161.62491666666668,1296.3336408010523,13.963336408010521,2025-05
2025-10-30,Retargeting,Facebook Ads,West,New Customer,88848,2715,240,48473.55,361334.82,3.0557806591031875,8.83977900552486,17.853977900552486,201.973125,645.4267739829247,7.4542677398292465,2025-10
2025-06-08,Brand Awareness,YouTube Ads,East,New Customer,29127,1713,17,13550.36,24361.14,5.881141209187351,0.99241097489784,7.910309398715704,797.08,79.78223456793768,1.7978223456793767,2025-06
2025-08-20,Brand Awareness,LinkedIn Ads,South,New Customer,62692,2121,166,24653.78,269421.23,3.3832067887449755,7.826496935407827,11.623658651579444,148.5167469879518,992.8191538985096,10.928191538985097,2025-08
2025-03-18,Brand Awareness,Facebook Ads,West,Returning Customer,99389,3200,289,26305.4,207768.59,3.2196721971244306,9.03125,8.220437500000001,91.02214532871973,689.8324678583105,7.898324678583104,2025-03
2025-01-18,Retargeting,Facebook Ads,East,Returning Customer,42500,2068,20,36979.82,44522.87,4.865882352941176,0.9671179883945842,17.881924564796904,1848.991,20.39774666290967,1.2039774666290968,2025-01
2025-01-22,Brand Awareness,Facebook Ads,South,New Customer,38785,1075,12,9709.44,27029.55,2.771690086373598,1.1162790697674418,9.032037209302326,809.12,178.38423225232353,2.7838423225232347,2025-01
2025-07-03,Seasonal Sale,Instagram Ads,South,New Customer,89146,1402,139,29654.39,375846.2,1.572700962466067,9.914407988587731,21.151490727532096,213.34093525179856,1167.4217881399684,12.674217881399686,2025-07
2025-05-25,Lead Generation,Facebook Ads,North,Returning Customer,94126,4540,147,21964.63,269305.28,4.823321930178697,3.2378854625550657,4.8380242290748905,149.4192517006803,1126.0861211866534,12.260861211866533,2025-05
2025-02-07,Seasonal Sale,Instagram Ads,North,New Customer,99979,2612,345,16793.17,625800.4,2.6125486352133946,13.208269525267994,6.429238131699846,48.67585507246376,3626.5173877237,37.265173877237004,2025-02
2025-10-08,Brand Awareness,Facebook Ads,North,Returning Customer,52997,1079,10,8449.38,33003.31,2.03596429986603,0.9267840593141797,7.830750695088044,844.9379999999999,290.6003754121604,3.9060037541216044,2025-10
2025-10-15,Seasonal Sale,Instagram Ads,South,Returning Customer,12170,809,47,17266.89,120762.64,6.6474938373048476,5.80964153275649,21.343498145859083,367.38063829787234,599.3884828130601,6.993884828130602,2025-10
2025-05-23,Brand Awareness,Facebook Ads,East,Returning Customer,18303,591,32,13966.9,72113.66,3.2289788559252584,5.414551607445008,23.6326565143824,436.465625,416.31829539840624,5.163182953984062,2025-05
2025-01-13,Retargeting,Facebook Ads,North,New Customer,76743,3254,162,20880.37,387229.76,4.240126135282696,4.9784880147510755,6.4168315918869085,128.89117283950617,1754.515796415485,18.54515796415485,2025-01
2025-07-05,Seasonal Sale,YouTube Ads,East,New Customer,82852,2936,195,17390.71,593022.39,3.543668227683098,6.641689373297003,5.923266348773842,89.1831282051282,3309.995279088663,34.09995279088663,2025-07
2025-09-24,Retargeting,Email,North,Returning Customer,40187,872,59,15235.44,96966.82,2.1698559235573693,6.76605504587156,17.47183486238532,258.2277966101695,536.4556586485195,6.364556586485195,2025-09
2025-09-26,Retargeting,Google Ads,West,New Customer,70034,3175,161,23285.87,307449.22,4.533512294028615,5.070866141732284,7.334132283464567,144.63273291925466,1220.3252444508194,13.203252444508193,2025-09
2025-04-07,Product Launch,LinkedIn Ads,West,New Customer,76776,3049,90,22735.81,224162.71,3.971293112430968,2.951787471302066,7.456808789767138,252.62011111111113,885.9455634085612,9.859455634085611,2025-04
2025-12-23,Brand Awareness,Instagram Ads,North,New Customer,6893,173,14,3507.72,11905.11,2.509792543159727,8.092485549132949,20.275838150289015,250.55142857142854,239.3973863364237,3.393973863364237,2025-12
2025-10-21,Lead Generation,YouTube Ads,South,Returning Customer,18753,778,55,4944.82,147490.45,4.14866954620594,7.069408740359898,6.355809768637532,89.90581818181818,2882.7263681994496,29.827263681994495,2025-10
2025-01-01,Brand Awareness,LinkedIn Ads,North,New Customer,43090,1175,67,12501.26,127778.35,2.726850777442562,5.702127659574468,10.639370212765957,186.58597014925374,922.1237699239917,10.221237699239916,2025-01
2025-10-22,Lead Generation,Facebook Ads,North,New Customer,69922,1288,90,11213.65,195857.62,1.8420525728669086,6.987577639751552,8.706249999999999,124.59611111111111,1646.6000811510974,17.46600081151097,2025-10
2025-01-27,Brand Awareness,Google Ads,South,New Customer,81768,1383,102,17098.9,260375.84,1.6913707073671853,7.37527114967462,12.363629790310918,167.63627450980394,1422.763686552936,15.22763686552936,2025-01
2025-02-05,Retargeting,Facebook Ads,West,New Customer,64412,2515,90,43760.18,141378.43,3.904551946842203,3.5785288270377733,17.399673956262426,486.22422222222224,223.07552208423274,3.2307552208423274,2025-02
2025-06-09,Seasonal Sale,Instagram Ads,East,Returning Customer,61030,1785,123,19996.92,452604.48,2.9247910863509747,6.890756302521009,11.202756302521008,162.57658536585365,2163.3709591277056,22.633709591277057,2025-06
2025-01-31,Seasonal Sale,Instagram Ads,North,New Customer,22509,1294,53,22884.23,164881.46,5.748811586476521,4.095826893353941,17.684876352395673,431.77792452830187,620.5025469504544,7.2050254695045455,2025-01
2025-05-07,Product Launch,Facebook Ads,South,New Customer,73653,2530,189,17439.56,409046.52,3.435026407614082,7.470355731225296,6.893106719367589,92.27280423280423,2245.5094050537973,23.455094050537973,2025-05
2025-09-19,Lead Generation,Google Ads,North,Returning Customer,41929,973,48,16606.24,141593.73,2.3205895680793724,4.933196300102774,17.067050359712233,345.96333333333337,752.6537614776132,8.526537614776132,2025-09
2025-12-11,Lead Generation,LinkedIn Ads,South,New Customer,53291,1991,139,18484.46,126164.88,3.7360905218517195,6.981416373681568,9.284008036162732,132.98172661870504,582.5456626809764,6.825456626809764,2025-12
2025-07-29,Lead Generation,YouTube Ads,East,New Customer,9042,140,6,5325.55,18081.75,1.5483300154833002,4.285714285714286,38.03964285714286,887.5916666666667,239.52831162978475,3.395283116297847,2025-07
2025-05-30,Retargeting,Instagram Ads,East,New Customer,67574,2279,163,16309.96,297629.1,3.372598928581999,7.152259763053971,7.156630100921457,100.06110429447853,1724.8303490627811,18.248303490627812,2025-05
2025-01-31,Lead Generation,Google Ads,West,New Customer,42201,1679,51,32200.4,78246.43,3.978578706665719,3.0375223347230493,19.178320428826684,631.3803921568627,142.99831679109573,2.429983167910957,2025-01
2025-04-10,Seasonal Sale,Facebook Ads,South,New Customer,97282,3690,206,30004.24,318442.28,3.793096359038671,5.582655826558266,8.131230352303524,145.6516504854369,961.3242661703813,10.613242661703813,2025-04
2025-11-25,Retargeting,Google Ads,South,New Customer,19016,1037,82,10349.7,123948.22,5.4533024821203195,7.907425265188042,9.980424300867888,126.21585365853659,1097.6020560982442,11.976020560982443,2025-11
2025-10-29,Brand Awareness,YouTube Ads,West,New Customer,30022,2220,148,38933.99,191045.28,7.3945773099726875,6.666666666666667,17.53783333333333,263.0675,390.69021695438875,4.906902169543887,2025-10
2025-12-19,Lead Generation,Google Ads,West,New Customer,32938,1484,88,21504.98,259282.61,4.50543445260793,5.929919137466308,14.491226415094339,244.37477272727273,1105.6863572995649,12.056863572995649,2025-12
2025-08-07,Lead Generation,Instagram Ads,South,New Customer,48678,2564,256,26360.32,767774.29,5.267266526973171,9.98439937597504,10.280936037441498,102.97,2812.6136936122175,29.126136936122172,2025-08
2025-09-10,Brand Awareness,Facebook Ads,West,New Customer,66720,4880,393,86386.15,465336.47,7.314148681055157,8.053278688524589,17.702079918032787,219.8120865139949,438.67022665091565,5.386702266509157,2025-09
2025-06-20,Lead Generation,Instagram Ads,East,New Customer,61805,1230,93,11847.09,114871.16,1.9901302483617829,7.560975609756097,9.631780487804878,127.38806451612903,869.6149856209416,9.696149856209415,2025-06
2025-09-14,Brand Awareness,Email,North,Returning Customer,79323,2931,209,18217.14,635180.96,3.6950190991263563,7.130672125554419,6.215332650972364,87.16334928229665,3386.721625897369,34.86721625897369,2025-09
2025-02-26,Retargeting,LinkedIn Ads,East,New Customer,6986,194,14,4434.73,29997.3,2.7769825365015746,7.216494845360824,22.85943298969072,316.76642857142855,576.4177300534644,6.764177300534644,2025-02
2025-01-09,Seasonal Sale,Google Ads,West,New Customer,81478,3881,374,32089.57,465174.64,4.763248975183485,9.636691574336512,8.26837670703427,85.80098930481283,1349.6131920745588,14.496131920745588,2025-01
2025-01-05,Brand Awareness,Google Ads,South,New Customer,87994,3438,153,56931.2,380336.94,3.907084573948224,4.450261780104712,16.55939499709133,372.09934640522874,568.0641546287449,6.680641546287449,2025-01
2025-12-01,Product Launch,Google Ads,South,New Customer,17161,389,31,5052.82,54243.25,2.2667676708816504,7.969151670951156,12.989254498714653,162.99419354838707,973.5242894067076,10.735242894067076,2025-12
2025-04-24,Brand Awareness,YouTube Ads,East,New Customer,25689,903,57,15457.57,88958.83,3.51512320448441,6.312292358803987,17.118017718715393,271.1854385964912,475.50332943664506,5.7550332943664495,2025-04
2025-09-22,Lead Generation,LinkedIn Ads,South,New Customer,99699,5055,229,58991.81,537122.52,5.070261487076099,4.530168150346192,11.669992087042532,257.60615720524015,810.5035427799215,9.105035427799216,2025-09
2025-06-22,Retargeting,Instagram Ads,West,Returning Customer,65924,1018,53,22377.83,134541.53,1.5442024149020084,5.206286836935167,21.982151277013756,422.22320754716986,501.2268839293175,6.012268839293175,2025-06
2025-08-08,Retargeting,Instagram Ads,East,New Customer,79308,1827,110,23548.24,114884.8,2.303676804357694,6.0207991242474,12.889020251778874,214.0749090909091,387.870006420862,4.87870006420862,2025-08
2025-07-24,Brand Awareness,Email,South,Returning Customer,68745,1429,47,7749.6,156198.4,2.0786966324823624,3.2890132960111966,5.423093072078377,164.88510638297873,1915.5672550841332,20.15567255084133,2025-07
2025-01-24,Seasonal Sale,Google Ads,North,New Customer,6211,247,18,4367.35,42207.7,3.976815327644502,7.28744939271255,17.681578947368422,242.6305555555556,866.4373132448737,9.664373132448738,2025-01
2025-06-19,Product Launch,YouTube Ads,North,New Customer,5229,280,14,3641.24,19970.02,5.35475234270415,5.0,13.004428571428571,260.0885714285714,448.4400918368468,5.484400918368468,2025-06
2025-04-13,Retargeting,Facebook Ads,West,New Customer,53542,267,15,4856.93,23397.04,0.49867393821672706,5.617977528089887,18.190749063670413,323.79533333333336,381.72487559013615,4.817248755901361,2025-04
2025-03-01,Lead Generation,Facebook Ads,South,New Customer,19345,704,62,11906.42,82701.38,3.6391832514861724,8.806818181818182,16.91252840909091,192.0390322580645,594.5948488294551,6.945948488294551,2025-03
2025-03-27,Lead Generation,Instagram Ads,West,New Customer,36819,778,45,11586.1,99727.21,2.1130394633205682,5.784061696658098,14.89215938303342,257.4688888888889,760.7487420270842,8.607487420270843,2025-03
2025-09-12,Seasonal Sale,Google Ads,East,Returning Customer,52779,2643,247,42838.92,329384.14,5.0076735065082705,9.345440786984488,16.20844494892168,173.43692307692308,668.8899253295835,7.688899253295835,2025-09
2025-06-14,Retargeting,Google Ads,North,New Customer,87421,2748,115,19457.85,240547.48,3.1434094782718107,4.18486171761281,7.080731441048035,169.1986956521739,1136.2490203182779,12.362490203182778,2025-06
2025-06-16,Brand Awareness,Email,East,Returning Customer,97244,3594,99,43065.69,136404.08,3.6958578421290773,2.7545909849749584,11.982662771285476,435.00696969696975,216.73492285854468,3.1673492285854468,2025-06
2025-03-25,Lead Generation,Google Ads,South,Returning Customer,70584,2469,117,24169.25,336525.69,3.4979598775926553,4.738760631834751,9.78908464965573,206.57478632478632,1292.3712568656454,13.923712568656454,2025-03
2025-07-21,Seasonal Sale,Instagram Ads,West,New Customer,24950,1293,12,20949.95,34158.08,5.182364729458918,0.9280742459396751,16.202590873936582,1745.8291666666667,63.04611705517197,1.6304611705517198,2025-07
2025-03-31,Retargeting,Facebook Ads,West,New Customer,20173,1325,102,7052.84,252839.24,6.56818519803698,7.698113207547169,5.322898113207548,69.14549019607843,3484.9280573499473,35.84928057349947,2025-03
2025-03-30,Retargeting,Facebook Ads,West,New Customer,63032,1133,32,19995.28,94785.15,1.7974996827008503,2.824360105913504,17.648084730803177,624.8525,374.03762287899946,4.740376228789994,2025-03
2025-04-30,Retargeting,Facebook Ads,East,New Customer,33036,684,27,4594.03,95748.67,2.070468579731202,3.9473684210526314,6.71641812865497,170.14925925925925,1984.197752300268,20.84197752300268,2025-04
2025-06-05,Retargeting,Facebook Ads,North,New Customer,76356,3040,221,44559.0,544796.63,3.9813505160039813,7.269736842105264,14.657565789473685,201.62443438914028,1122.6410601674186,12.226410601674186,2025-06
2025-07-07,Retargeting,Email,East,New Customer,19292,438,25,4663.39,38773.47,2.2703711382956664,5.707762557077626,10.647009132420092,186.53560000000002,731.443863798653,8.314438637986528,2025-07
2025-07-07,Lead Generation,Facebook Ads,East,New Customer,8052,394,17,7035.02,37411.52,4.893194237456532,4.314720812182741,17.8553807106599,413.824705882353,431.7898172286645,5.317898172286645,2025-07
2025-09-19,Seasonal Sale,Instagram Ads,South,New Customer,49377,2538,25,19634.69,88691.24,5.140044960204144,0.9850275807722617,7.736284475965326,785.3875999999999,351.70685149600024,4.517068514960003,2025-09
2025-02-21,Retargeting,Instagram Ads,South,Returning Customer,94317,2527,221,28886.26,244287.47,2.6792624871444173,8.745548080728135,11.431048674317372,130.7070588235294,745.6874306331107,8.456874306331107,2025-02
2025-05-20,Product Launch,Email,South,Returning Customer,72838,1715,125,17130.54,188012.98,2.3545402125264285,7.288629737609329,9.98865306122449,137.04432,997.5309593276102,10.975309593276103,2025-05
2025-01-19,Product Launch,YouTube Ads,North,Returning Customer,72819,2248,239,35162.79,534377.91,3.087106387069309,10.63167259786477,15.641810498220641,147.12464435146444,1419.7255678516979,15.197255678516978,2025-01
2025-03-16,Seasonal Sale,Email,North,New Customer,20620,753,30,7856.49,80740.44,3.651794374393792,3.9840637450199203,10.433585657370518,261.883,927.6909917787714,10.276909917787714,2025-03
2025-08-18,Brand Awareness,Google Ads,South,New Customer,35461,1408,26,22101.88,70311.62,3.9705592058881587,1.8465909090909092,15.697357954545454,850.0723076923077,218.1250644741533,3.181250644741533,2025-08
2025-05-10,Brand Awareness,Google Ads,South,New Customer,25750,128,10,1557.62,17142.19,0.4970873786407767,7.8125,12.16890625,155.762,1000.5373582773719,11.00537358277372,2025-05
2025-02-24,Brand Awareness,Facebook Ads,North,New Customer,93719,1920,96,31528.05,130658.0,2.048677429336634,5.0,16.420859375,328.4171875,314.41827198320226,4.144182719832023,2025-02
2025-09-28,Product Launch,Instagram Ads,West,New Customer,14472,418,29,3803.11,102981.66,2.888336097291321,6.937799043062201,9.09834928229665,131.14172413793105,2607.8275411439586,27.078275411439584,2025-09
2025-04-10,Brand Awareness,Google Ads,North,Returning Customer,74263,1711,163,16702.59,157262.22,2.303973715039791,9.526592635885448,9.761887784921099,102.4698773006135,841.54391624293,9.4154391624293,2025-04
2025-03-10,Lead Generation,Instagram Ads,North,Returning Customer,62602,313,20,8242.29,23941.41,0.4999840260694547,6.3897763578274756,26.333194888178916,412.1145,190.4703668519307,2.9047036685193066,2025-03
2025-10-26,Retargeting,Instagram Ads,North,New Customer,30523,203,12,2787.66,26140.93,0.6650722406054451,5.911330049261084,13.73231527093596,232.30499999999998,837.7373854774255,9.377373854774255,2025-10
2025-01-17,Product Launch,Facebook Ads,South,New Customer,35766,551,33,8595.14,88315.44,1.5405692557177209,5.9891107078039925,15.599165154264972,260.45878787878786,927.5043803824022,10.275043803824023,2025-01
2025-12-20,Seasonal Sale,Email,West,New Customer,71060,2364,33,43732.71,95379.15,3.326766113143822,1.3959390862944163,18.49945431472081,1325.2336363636364,118.09567712588584,2.1809567712588587,2025-12
2025-04-26,Seasonal Sale,Google Ads,North,New Customer,14079,400,33,8659.67,115016.66,2.841110874351872,8.25,21.649175,262.41424242424245,1228.187563729334,13.281875637293338,2025-04
2025-06-01,Retargeting,Google Ads,South,New Customer,13399,342,28,7375.42,36464.54,2.5524292857675945,8.187134502923977,21.565555555555555,263.40785714285715,394.4062846590432,4.944062846590431,2025-06
2025-11-26,Product Launch,Email,East,New Customer,65726,3085,210,27064.56,430931.54,4.69372850926574,6.807131280388978,8.772952998379255,128.87885714285716,1492.235528676616,15.92235528676616,2025-11
2025-04-26,Brand Awareness,Instagram Ads,East,New Customer,97906,4595,78,37648.24,115146.47,4.693277225093457,1.6974972796517953,8.193305767138193,482.6697435897436,205.84821494975597,3.05848214949756,2025-04
2025-01-30,Brand Awareness,Email,North,Returning Customer,21532,802,41,11267.22,114859.84,3.724688835221995,5.112219451371571,14.048902743142143,274.810243902439,919.4159695115566,10.194159695115566,2025-01
2025-11-19,Lead Generation,Facebook Ads,East,New Customer,87357,3214,292,19406.23,539527.5,3.6791556486600956,9.085252022401992,6.038030491599253,66.45969178082191,2680.176778282026,27.80176778282026,2025-11
2025-02-20,Lead Generation,Facebook Ads,West,Returning Customer,48162,1066,43,22477.41,40199.75,2.213363232423903,4.033771106941838,21.085750469043152,522.7304651162791,78.84511605207184,1.7884511605207183,2025-02
2025-03-01,Brand Awareness,LinkedIn Ads,East,New Customer,8749,209,17,4911.48,50177.21,2.3888444393644988,8.133971291866029,23.499904306220092,288.9105882352941,921.6311580216146,10.216311580216148,2025-03
2025-08-17,Seasonal Sale,LinkedIn Ads,East,New Customer,16353,153,8,5817.43,14393.61,0.9356081452944414,5.228758169934641,38.0224183006536,727.17875,147.4221434550996,2.474221434550996,2025-08
2025-09-16,Seasonal Sale,Email,West,New Customer,33477,1045,76,12686.88,164490.03,3.1215461361531798,7.2727272727272725,12.140555023923444,166.93263157894737,1196.5365006999357,12.965365006999358,2025-09
2025-12-26,Lead Generation,Facebook Ads,North,New Customer,29570,1383,61,24738.34,222716.85,4.677037538045316,4.4107013738250185,17.887447577729574,405.54655737704917,800.2901973212431,9.002901973212431,2025-12
2025-01-05,Retargeting,Instagram Ads,North,New Customer,91373,5054,288,25193.87,483796.1,5.531174416950303,5.698456667985754,4.9849366838148,87.47871527777778,1820.2929125219746,19.202929125219747,2025-01
2025-01-28,Brand Awareness,Facebook Ads,West,Returning Customer,16437,514,33,9135.41,43982.01,3.1270913183670985,6.420233463035019,17.77317120622568,276.83060606060604,381.44538668762544,4.814453866876255,2025-01
2025-09-11,Lead Generation,Google Ads,West,Returning Customer,43104,1826,50,15057.48,81893.89,4.23626577579807,2.7382256297918945,8.246155531215772,301.14959999999996,443.87513714114186,5.438751371411418,2025-09
2025-12-30,Lead Generation,YouTube Ads,West,New Customer,68370,341,21,9033.99,37294.81,0.4987567646628639,6.158357771260997,26.492639296187683,430.19,312.82766529517966,4.128276652951796,2025-12
2025-08-19,Brand Awareness,Google Ads,East,New Customer,9551,272,2,8328.59,1953.6,2.8478693330541307,0.7352941176470588,30.61981617647059,4164.295,-76.54344853090379,0.23456551469096207,2025-08
2025-12-23,Brand Awareness,YouTube Ads,West,Returning Customer,73359,2065,82,16286.22,210512.85,2.8149238675554464,3.970944309927361,7.886789346246973,198.61243902439023,1192.5826250658533,12.925826250658533,2025-12
2025-07-19,Seasonal Sale,Facebook Ads,South,New Customer,59880,3435,235,39772.62,288671.13,5.736472945891784,6.841339155749636,11.578637554585153,169.2451914893617,625.8036558818604,7.258036558818604,2025-07
2025-11-28,Retargeting,Google Ads,East,New Customer,17916,732,60,11397.77,185865.69,4.085733422638982,8.19672131147541,15.570724043715847,189.96283333333335,1530.7197811501726,16.307197811501723,2025-11
2025-09-28,Retargeting,Instagram Ads,North,New Customer,85703,3634,242,31887.32,346100.93,4.240224962953455,6.6593285635663175,8.774716565767749,131.76578512396694,985.3873263729909,10.85387326372991,2025-09
2025-12-05,Brand Awareness,LinkedIn Ads,North,Returning Customer,46445,1933,39,24548.17,55944.27,4.161911938852406,2.0175892395240558,12.69951888256596,629.4402564102563,127.89588796232061,2.278958879623206,2025-12
2025-10-31,Product Launch,Email,North,Returning Customer,52636,1878,151,19266.61,234207.2,3.5679002963751048,8.040468583599573,10.259110756123537,127.59344370860927,1115.6118798273283,12.156118798273283,2025-10
2025-02-15,Lead Generation,LinkedIn Ads,East,New Customer,78927,4576,121,46350.79,352019.16,5.797762489388929,2.644230769230769,10.129106206293706,383.06438016528926,659.4674438127159,7.59467443812716,2025-02
2025-01-28,Lead Generation,Email,South,Returning Customer,83194,415,29,7011.34,49662.55,0.49883405053249036,6.987951807228916,16.89479518072289,241.7703448275862,608.3175256085143,7.083175256085142,2025-01
2025-01-07,Brand Awareness,Email,West,Returning Customer,34685,1290,35,19775.12,112979.84,3.719186968430157,2.7131782945736433,15.329550387596898,565.0034285714286,471.32315758387307,5.713231575838731,2025-01
2025-08-20,Product Launch,LinkedIn Ads,West,New Customer,56134,2915,103,25149.52,291801.98,5.192931200342039,3.5334476843910805,8.627622641509435,244.17009708737865,1060.2685856429864,11.602685856429863,2025-08
2025-07-18,Seasonal Sale,Facebook Ads,North,New Customer,93916,622,19,12328.7,62513.05,0.662293964819626,3.054662379421222,19.82106109324759,648.8789473684211,407.0530550666332,5.070530550666331,2025-07
2025-04-04,Brand Awareness,Instagram Ads,North,New Customer,99455,4730,276,78262.42,896265.13,4.755919762706752,5.835095137420719,16.54596617336152,283.5594927536232,1045.2049783280404,11.452049783280405,2025-04
2025-03-23,Brand Awareness,Google Ads,East,Returning Customer,72847,1717,86,23600.9,77078.72,2.3569947973149206,5.008736167734421,13.745428072218987,274.4290697674419,226.59229097195444,3.2659229097195444,2025-03
2025-03-29,Lead Generation,YouTube Ads,South,New Customer,44993,1648,111,18906.84,354839.67,3.66279198986509,6.735436893203883,11.472597087378642,170.3318918918919,1776.7793560425748,18.76779356042575,2025-03
2025-07-05,Brand Awareness,YouTube Ads,West,Returning Customer,49333,1149,62,13969.4,199969.69,2.3290697910121017,5.395996518711923,12.15787641427328,225.31290322580645,1331.4837430383554,14.314837430383553,2025-07
2025-08-31,Brand Awareness,Google Ads,East,New Customer,63865,3154,53,48347.69,206431.94,4.938542237532294,1.6804058338617627,15.32900760938491,912.2205660377359,326.9737395933497,4.269737395933498,2025-08
2025-03-09,Brand Awareness,Email,West,Returning Customer,84096,2579,159,36011.39,199803.89,3.0667332572298327,6.165180302442808,13.96331523846452,226.48672955974843,454.8352618435446,5.5483526184354455,2025-03
2025-11-07,Lead Generation,YouTube Ads,North,New Customer,54756,2611,28,22533.63,63433.42,4.76842720432464,1.0723860589812333,8.630268096514746,804.7725,181.50555414285222,2.8150555414285225,2025-11
2025-07-06,Seasonal Sale,Google Ads,West,New Customer,66192,2748,90,40483.12,127398.25,4.151559100797679,3.2751091703056767,14.731848617176128,449.81244444444445,214.6947419072443,3.146947419072443,2025-07
2025-08-27,Seasonal Sale,Instagram Ads,South,Returning Customer,65686,1516,69,14154.15,90525.14,2.3079499436714066,4.5514511873350925,9.33651055408971,205.13260869565218,539.5660636633073,6.395660636633073,2025-08
2025-08-06,Brand Awareness,YouTube Ads,South,Returning Customer,53733,2285,100,12172.82,320397.07,4.252507769899317,4.3763676148796495,5.32727352297593,121.7282,2532.06939723088,26.3206939723088,2025-08
2025-04-18,Lead Generation,Google Ads,North,Returning Customer,30993,776,10,15494.84,32838.74,2.5037911786532443,1.2886597938144329,19.96757731958763,1549.484,111.9333920195368,2.119333920195368,2025-04
2025-11-03,Seasonal Sale,Email,South,New Customer,35492,1276,113,18048.35,298957.87,3.5951763777752737,8.855799373040753,14.144474921630094,159.71991150442477,1556.4277066878692,16.56427706687869,2025-11
2025-02-07,Seasonal Sale,Facebook Ads,South,Returning Customer,25981,789,75,9596.37,219592.92,3.03683460990724,9.505703422053232,12.162699619771864,127.95160000000001,2188.2915102273046,22.882915102273046,2025-02
2025-12-15,Seasonal Sale,YouTube Ads,East,New Customer,29143,1413,157,17936.19,134518.64,4.8485056445801735,11.11111111111111,12.693694267515923,114.2432484076433,649.9844727336185,7.4998447273361855,2025-12
2025-10-03,Lead Generation,YouTube Ads,West,New Customer,82603,3560,297,63247.44,305706.89,4.30977083156786,8.342696629213483,17.766134831460676,212.95434343434343,383.35061466519437,4.833506146651944,2025-10
2025-01-10,Lead Generation,YouTube Ads,North,New Customer,94452,3262,147,42838.02,394500.44,3.45360606445602,4.506437768240343,13.132440220723481,291.4151020408163,820.9119375732118,9.209119375732119,2025-01
2025-01-26,Brand Awareness,Instagram Ads,North,New Customer,65277,1613,72,26259.64,119644.67,2.4710081652036706,4.463732176069436,16.28,364.71722222222223,355.62189732989486,4.556218973298948,2025-01
2025-02-17,Retargeting,LinkedIn Ads,North,New Customer,54990,877,37,8792.24,120174.83,1.5948354246226586,4.218928164196123,10.025359179019384,237.6281081081081,1266.8283622831043,13.668283622831042,2025-02
2025-12-13,Seasonal Sale,LinkedIn Ads,North,Returning Customer,67888,2514,263,17874.11,405532.55,3.703158142823474,10.461416070007955,7.109828957836118,67.96239543726236,2168.8265317825612,22.688265317825614,2025-12
2025-01-14,Retargeting,Facebook Ads,North,New Customer,74351,1897,98,17983.61,188924.42,2.551411547928071,5.166051660516605,9.480026357406432,183.50622448979593,950.5366831242447,10.505366831242448,2025-01
2025-04-10,Lead Generation,LinkedIn Ads,South,Returning Customer,54999,375,32,7844.4,67690.3,0.6818305787377952,8.533333333333333,20.9184,245.1375,762.9123961042272,8.629123961042273,2025-04
2025-07-06,Lead Generation,Google Ads,East,New Customer,75309,1133,96,17427.47,140309.34,1.504468257445989,8.473080317740513,15.381703442188881,181.53614583333334,705.1044701267596,8.051044701267596,2025-07
2025-01-12,Lead Generation,Instagram Ads,North,New Customer,17446,1036,61,12993.97,200962.25,5.938323971110856,5.8880308880308885,12.542442084942085,213.01590163934426,1446.5808371113678,15.46580837111368,2025-01
2025-10-06,Retargeting,Google Ads,East,New Customer,35733,896,16,12513.55,29830.51,2.507486077295497,1.7857142857142856,13.966015624999999,782.096875,138.38566993379177,2.3838566993379176,2025-10
2025-12-07,Lead Generation,Google Ads,East,Returning Customer,81000,4149,218,35832.18,428815.34,5.122222222222223,5.254278139310677,8.636341287057123,164.36779816513763,1096.7324901806141,11.967324901806142,2025-12
2025-11-24,Brand Awareness,Google Ads,South,Returning Customer,53632,1590,93,14215.35,268690.66,2.9646479713603817,5.849056603773585,8.940471698113209,152.8532258064516,1790.1445268670834,18.901445268670837,2025-11
2025-06-16,Lead Generation,Email,North,Returning Customer,26576,1424,123,27191.55,189219.88,5.358217940999397,8.637640449438203,19.095189606741574,221.06951219512194,595.8775060634647,6.958775060634646,2025-06
2025-05-02,Product Launch,Facebook Ads,South,Returning Customer,8320,436,24,6178.58,77341.01,5.240384615384616,5.5045871559633035,14.17105504587156,257.44083333333333,1151.7602750146473,12.517602750146473,2025-05
2025-04-05,Retargeting,Email,North,New Customer,15750,356,8,4498.29,7765.2,2.2603174603174603,2.247191011235955,12.63564606741573,562.28625,72.62559772713631,1.726255977271363,2025-04
2025-01-25,Product Launch,Google Ads,South,New Customer,58463,302,24,6833.59,29935.9,0.5165660332175906,7.9470198675496695,22.62778145695364,284.73291666666665,338.06988713106875,4.380698871310687,2025-01
2025-01-17,Lead Generation,Facebook Ads,East,Returning Customer,31572,203,10,7445.37,32738.65,0.6429747877866464,4.926108374384237,36.67669950738916,744.537,339.71824100078305,4.39718241000783,2025-01
2025-01-29,Brand Awareness,Instagram Ads,North,New Customer,22948,524,5,11508.17,15304.37,2.2834233920167333,0.9541984732824428,21.962156488549617,2301.634,32.98699967066876,1.3298699967066876,2025-01
2025-11-19,Seasonal Sale,LinkedIn Ads,West,New Customer,43826,2776,175,21187.21,339673.71,6.33413955186419,6.304034582132564,7.632280259365994,121.06977142857143,1503.2016957400242,16.032016957400245,2025-11
2025-12-07,Lead Generation,Facebook Ads,East,New Customer,94051,2712,183,30821.59,443805.34,2.883541908113683,6.7477876106194685,11.364893067846607,168.42398907103825,1339.9170840959212,14.399170840959211,2025-12
2025-11-09,Brand Awareness,Instagram Ads,West,New Customer,32867,1221,41,7245.8,125380.66,3.7149724647823046,3.357903357903358,5.934316134316134,176.72682926829268,1630.39084711143,17.3039084711143,2025-11
2025-03-13,Retargeting,YouTube Ads,East,New Customer,65231,3558,178,58296.07,272417.41,5.4544618356302985,5.002810567734682,16.384505340078697,327.50601123595504,367.2997853886205,4.672997853886205,2025-03
2025-09-27,Product Launch,Instagram Ads,South,New Customer,71262,2612,186,35213.4,204185.3,3.665347590581235,7.120980091883614,13.481393568147015,189.31935483870967,479.8511362151908,5.798511362151907,2025-09
2025-09-07,Product Launch,Google Ads,North,New Customer,96356,3482,220,40379.85,423941.35,3.613682593714974,6.318207926479034,11.596740379092475,183.54477272727271,949.8834195768435,10.498834195768433,2025-09
2025-10-22,Product Launch,Google Ads,East,New Customer,77233,3424,54,33241.17,64882.66,4.433338080872166,1.5771028037383177,9.708285630841122,615.5772222222222,95.1876543454999,1.951876543454999,2025-10
2025-05-24,Retargeting,LinkedIn Ads,South,New Customer,49678,1954,168,16509.09,208950.31,3.9333306493820204,8.597748208802457,8.448868986693961,98.26839285714286,1165.6682470081635,12.656682470081634,2025-05
2025-10-01,Brand Awareness,Google Ads,North,New Customer,17963,601,58,6745.49,173570.05,3.345766297389077,9.650582362728786,11.223777038269551,116.30155172413792,2473.1273784410027,25.73127378441003,2025-10
2025-08-11,Retargeting,LinkedIn Ads,North,Returning Customer,69360,1677,70,30184.59,54570.15,2.417820069204152,4.174120453190221,17.999159212880144,431.20842857142856,80.7881107545274,1.8078811075452739,2025-08
2025-03-16,Product Launch,Instagram Ads,East,New Customer,54434,1969,19,14345.73,59481.96,3.617224528787155,0.9649568308786186,7.285794819705434,755.0384210526315,314.6318103017413,4.146318103017413,2025-03
2025-04-12,Lead Generation,YouTube Ads,North,New Customer,71617,3682,273,18893.06,543824.85,5.141237415697391,7.41444866920152,5.131195002715915,69.20534798534798,2778.437108652595,28.784371086525947,2025-04
2025-01-20,Seasonal Sale,LinkedIn Ads,East,Returning Customer,25269,1559,59,28136.7,153176.92,6.169614943211049,3.784477228992944,18.04791533033996,476.89322033898304,444.40257741668364,5.444025774166835,2025-01
2025-04-27,Retargeting,YouTube Ads,North,New Customer,81312,3202,218,38718.46,564010.21,3.937918142463597,6.808244846970643,12.091961274203623,177.60761467889907,1356.6958758173748,14.56695875817375,2025-04
2025-06-23,Retargeting,Facebook Ads,West,New Customer,84732,3925,431,63074.48,802558.28,4.6322522777699096,10.980891719745223,16.069931210191083,146.34450116009282,1172.397774821132,12.72397774821132,2025-06
2025-06-22,Brand Awareness,Email,South,Returning Customer,86494,3377,55,19815.93,66041.0,3.9043170624551995,1.6286644951140066,5.867909387029909,360.28963636363636,233.27227134936388,3.332722713493639,2025-06
2025-01-04,Brand Awareness,Facebook Ads,West,New Customer,93905,3163,110,40097.16,101338.27,3.3682977477237634,3.477711033828643,12.676939614290232,364.5196363636364,152.73178948334493,2.5273178948334496,2025-01
2025-12-06,Retargeting,Instagram Ads,East,Returning Customer,82225,3512,176,37244.7,489065.71,4.27120705381575,5.0113895216400905,10.604982915717539,211.61761363636361,1213.1149129943321,13.131149129943323,2025-12
2025-05-28,Product Launch,Instagram Ads,West,Returning Customer,87867,4642,405,70136.5,541145.42,5.282984510680915,8.72468763464024,15.109112451529514,173.17654320987654,671.5603430453474,7.7156034304534735,2025-05
2025-04-24,Seasonal Sale,LinkedIn Ads,East,New Customer,42528,923,132,9068.3,110003.81,2.1703348382242287,14.301191765980498,9.824810400866738,68.69924242424241,1113.0587872037759,12.130587872037758,2025-04
2025-11-17,Brand Awareness,YouTube Ads,North,New Customer,83972,1110,67,12757.26,219530.38,1.3218691944934027,6.036036036036037,11.493027027027027,190.40686567164178,1620.827042797591,17.208270427975915,2025-11
2025-06-16,Product Launch,Email,North,New Customer,70602,1906,27,33252.88,79983.09,2.6996402368204864,1.4165792235047219,17.44642182581322,1231.588148148148,140.52981275606805,2.4052981275606804,2025-06
2025-10-27,Lead Generation,Facebook Ads,East,New Customer,95748,3655,169,46120.57,275627.97,3.8173121109579315,4.623803009575924,12.618487004103967,272.90278106508873,497.62481252942007,5.976248125294201,2025-10
2025-04-28,Brand Awareness,Facebook Ads,West,New Customer,38332,1841,65,25931.91,50411.6,4.802775748721695,3.5306898424769146,14.085774035850081,398.95246153846153,94.39987258940819,1.9439987258940818,2025-04
2025-04-10,Product Launch,Email,North,Unknown,95937,1933,141,11163.28,446788.66,2.014863921114898,7.2943610967408175,5.775106052767719,79.1721985815603,3902.306311406683,40.02306311406683,2025-04
2025-10-01,Product Launch,Google Ads,South,New Customer,83929,419,26,5878.63,67792.73,0.4992314932859917,6.205250596658711,14.030143198090693,226.10115384615386,1053.2062742509734,11.532062742509734,2025-10
2025-06-24,Seasonal Sale,Google Ads,North,New Customer,74206,2030,58,28400.74,59387.49,2.7356278468048405,2.857142857142857,13.990512315270937,489.66793103448276,109.10543175987667,2.0910543175987666,2025-06
2025-06-08,Seasonal Sale,Facebook Ads,South,New Customer,96137,3085,105,42020.75,139814.56,3.2089622101792235,3.403565640194489,13.620988654781199,400.19761904761907,232.72742633103883,3.3272742633103882,2025-06
2025-08-15,Lead Generation,Facebook Ads,West,New Customer,7251,127,5,2981.87,15681.03,1.7514825541304648,3.937007874015748,23.479291338582676,596.374,425.879062467512,5.258790624675121,2025-08
2025-02-07,Product Launch,Facebook Ads,South,New Customer,50717,1199,58,21369.51,187947.32,2.3640988228799023,4.837364470391994,17.822777314428688,368.4398275862069,779.5116032141121,8.795116032141122,2025-02
2025-07-17,Product Launch,Google Ads,South,Returning Customer,32027,1537,82,21349.7,210258.84,4.799075779810784,5.3350683148991545,13.89050097592713,260.36219512195123,884.8327611160812,9.848327611160812,2025-07
2025-05-16,Seasonal Sale,Google Ads,South,New Customer,91551,3311,186,54500.78,262319.06,3.616563445511245,5.617638175777711,16.46051948051948,293.0149462365591,381.3124876377916,4.813124876377916,2025-05
2025-04-14,Brand Awareness,Google Ads,South,New Customer,14583,586,50,6162.87,85172.4,4.018377562915724,8.532423208191126,10.51684300341297,123.2574,1282.0249331885955,13.820249331885956,2025-04
2025-07-12,Brand Awareness,YouTube Ads,North,Returning Customer,55387,1643,74,21704.33,188453.76,2.9664000577752905,4.503956177723676,13.210182592818017,293.3017567567568,768.27725158989,8.6827725158989,2025-07
2025-09-07,Retargeting,Facebook Ads,South,New Customer,28104,665,27,8068.16,38070.27,2.36621121548534,4.06015037593985,12.132571428571428,298.82074074074075,371.85814361638836,4.718581436163883,2025-09
2025-01-13,Seasonal Sale,Facebook Ads,North,New Customer,17224,509,10,5052.75,13817.54,2.9551788202508127,1.9646365422396856,9.92681728880157,505.275,173.46573648013458,2.734657364801346,2025-01
2025-02-24,Retargeting,Email,South,New Customer,65624,2787,137,43612.94,195863.24,4.246921857856881,4.915679942590599,15.64870470039469,318.3426277372263,349.09432842637983,4.490943284263798,2025-02
2025-12-10,Seasonal Sale,Google Ads,East,Returning Customer,61058,771,47,12653.46,106100.58,1.2627337940974155,6.09597924773022,16.411750972762643,269.22255319148934,738.5104153330394,8.385104153330394,2025-12
2025-03-26,Lead Generation,YouTube Ads,West,New Customer,34299,2049,24,26815.22,52503.02,5.973935100148693,1.171303074670571,13.086979014153247,1117.3008333333335,95.795596679796,1.95795596679796,2025-03
2025-04-19,Product Launch,LinkedIn Ads,South,New Customer,83572,3645,169,39591.1,511800.86,4.361508639257168,4.636488340192043,10.861755829903977,234.26686390532544,1192.7169490112676,12.927169490112677,2025-04
2025-02-12,Lead Generation,Google Ads,East,New Customer,90469,2439,204,27917.31,574162.04,2.695951099271574,8.364083640836409,11.446211562115622,136.8495588235294,1956.6524496808609,20.56652449680861,2025-02
2025-03-12,Seasonal Sale,Facebook Ads,South,Returning Customer,82928,3914,278,23647.31,955589.96,4.719756897549682,7.1027082268778745,6.041724578436383,85.06226618705037,3941.0091464948864,40.41009146494886,2025-03
2025-09-25,Product Launch,LinkedIn Ads,South,New Customer,78474,4185,269,58135.38,837838.03,5.332976527257435,6.427718040621267,13.89136917562724,216.11665427509294,1341.1844044022762,14.411844044022763,2025-09
2025-02-28,Brand Awareness,YouTube Ads,South,New Customer,9141,274,19,3605.07,32347.39,2.9974838639098564,6.934306569343065,13.157189781021899,189.74052631578948,797.2749488914224,8.972749488914223,2025-02
2025-02-13,Brand Awareness,Instagram Ads,East,Returning Customer,28350,900,36,16629.49,66965.55,3.1746031746031744,4.0,18.477211111111114,461.9302777777778,302.6915437575055,4.026915437575055,2025-02
2025-09-29,Retargeting,Instagram Ads,West,New Customer,80082,4596,171,32180.4,341879.02,5.739117404660223,3.720626631853786,7.001827676240209,188.18947368421053,962.3827547202644,10.623827547202644,2025-09
2025-01-14,Seasonal Sale,Google Ads,East,Returning Customer,75871,5067,439,38966.16,393046.92,6.67844103807779,8.663903690546675,7.690183540556543,88.76118451025057,908.6878460695125,10.086878460695125,2025-01
2025-04-22,Seasonal Sale,YouTube Ads,West,New Customer,10077,357,27,7048.16,79995.32,3.5427210479309315,7.563025210084033,19.742745098039215,261.042962962963,1034.981612222197,11.349816122221972,2025-04
2025-11-10,Brand Awareness,Google Ads,South,Returning Customer,51015,899,32,18186.31,31924.29,1.7622267960403801,3.5595105672969964,20.22948832035595,568.3221875,75.54022778672528,1.755402277867253,2025-11
2025-08-16,Lead Generation,YouTube Ads,North,New Customer,76147,2127,21,27364.18,31373.06,2.793281416208124,0.9873060648801129,12.865152797367184,1303.0561904761905,14.650100971415918,1.1465010097141592,2025-08
2025-06-18,Product Launch,Email,South,Returning Customer,64180,3240,119,50257.28,275869.65,5.048301651604861,3.67283950617284,15.511506172839505,422.33008403361345,448.9148039846168,5.489148039846168,2025-06
2025-10-18,Lead Generation,Instagram Ads,West,Returning Customer,45857,896,61,20901.18,145778.56,1.953900167913296,6.8080357142857135,23.32720982142857,342.64229508196723,597.4656933244918,6.974656933244917,2025-10
2025-09-03,Lead Generation,Instagram Ads,East,New Customer,64840,2066,79,39962.16,189418.6,3.1863047501542257,3.8238141335914815,19.342768635043566,505.8501265822785,373.99489917461915,4.739948991746192,2025-09
2025-09-23,Brand Awareness,Google Ads,South,New Customer,64902,2556,161,38103.31,394331.04,3.9382453545345286,6.298904538341158,14.90739827856025,236.66652173913042,934.8996976903056,10.348996976903056,2025-09
2025-12-03,Brand Awareness,Google Ads,East,New Customer,10577,223,20,7910.27,29592.77,2.108348302921433,8.968609865470851,35.47206278026906,395.5135,274.1056879221569,3.741056879221569,2025-12
2025-08-31,Brand Awareness,Google Ads,East,New Customer,25002,1286,67,14010.4,87208.91,5.143588512918966,5.209953343701399,10.894556765163296,209.11044776119402,522.4583880545881,6.224583880545881,2025-08
2025-06-07,Retargeting,Google Ads,East,New Customer,55711,2529,153,44018.16,485760.97,4.539498483243884,6.049822064056939,17.405361803084226,287.7003921568628,1003.5467407088346,11.035467407088346,2025-06
2025-10-27,Lead Generation,Email,South,New Customer,44451,2895,208,31618.52,354854.39,6.512789363568873,7.184801381692574,10.921768566493956,152.01211538461538,1022.2991778236299,11.222991778236299,2025-10
2025-11-23,Seasonal Sale,Facebook Ads,East,New Customer,54103,2527,70,47453.54,99867.6,4.67072066244016,2.7700831024930745,18.778607043925604,677.9077142857143,110.45342454956997,2.1045342454956995,2025-11
2025-01-18,Product Launch,Google Ads,East,New Customer,33647,692,24,4123.13,48625.39,2.0566469521799866,3.4682080924855487,5.95828034682081,171.79708333333335,1079.3319638236,11.793319638236,2025-01
2025-03-24,Retargeting,YouTube Ads,South,New Customer,39831,1710,125,21140.26,156205.87,4.293138510205619,7.309941520467836,12.36272514619883,169.12207999999998,638.9023124597333,7.389023124597332,2025-03
2025-12-01,Seasonal Sale,YouTube Ads,East,New Customer,71830,3578,200,43067.07,488921.08,4.981205624390923,5.589714924538849,12.036632196757965,215.33535,1035.2550336022396,11.352550336022395,2025-12
2025-08-19,Lead Generation,YouTube Ads,South,New Customer,85632,4332,251,43568.79,693154.47,5.058856502242152,5.7940904893813485,10.057430747922439,173.58083665338646,1490.9426679051676,15.909426679051679,2025-08
2025-12-08,Brand Awareness,YouTube Ads,West,New Customer,41833,976,54,9763.06,161797.53,2.3330863194129035,5.532786885245901,10.003135245901639,180.7974074074074,1557.2419917525858,16.57241991752586,2025-12
2025-09-10,Lead Generation,Google Ads,West,New Customer,97864,2109,167,28477.37,509265.95,2.1550314722472,7.918444760550024,13.502783309625414,170.5231736526946,1688.3180574610649,17.88318057461065,2025-09
2025-06-16,Product Launch,Facebook Ads,West,New Customer,29398,526,34,8241.56,44776.91,1.7892373630859244,6.4638783269961975,15.668365019011405,242.39882352941174,443.3062429928316,5.433062429928316,2025-06
2025-02-11,Retargeting,Email,East,New Customer,66554,3931,260,55419.98,562506.88,5.90648195450311,6.614093106079879,14.09818875604172,213.15376923076926,914.9893233451185,10.149893233451184,2025-02
2025-09-06,Retargeting,Email,North,New Customer,55755,2472,211,22456.41,164029.79,4.4336830777508744,8.535598705501618,9.084308252427185,106.42848341232228,630.4363876505639,7.304363876505639,2025-09
2025-09-05,Product Launch,Google Ads,North,New Customer,22706,515,49,10903.32,39977.93,2.2681229630934556,9.514563106796116,21.171495145631066,222.51673469387754,266.65832058492276,3.6665832058492276,2025-09
2025-10-13,Seasonal Sale,LinkedIn Ads,East,Returning Customer,27340,1009,112,10599.74,231506.81,3.6905632772494514,11.10009910802775,10.505193260654114,94.64053571428572,2084.080081209539,21.84080081209539,2025-10
2025-01-20,Seasonal Sale,Google Ads,North,New Customer,69994,2319,93,19787.44,138839.01,3.3131411263822614,4.010349288486417,8.532746873652435,212.76817204301074,601.6522096845273,7.016522096845272,2025-01
2025-12-18,Retargeting,Google Ads,South,Returning Customer,68884,1406,164,20258.91,410278.67,2.041112595087393,11.66429587482219,14.408897581792319,123.52993902439025,1925.17642854428,20.2517642854428,2025-12
2025-02-11,Retargeting,Instagram Ads,North,Returning Customer,89361,3176,87,53998.29,214152.11,3.5541231633486645,2.739294710327456,17.00198047858942,620.67,296.5905401819205,3.9659054018192053,2025-02
2025-12-11,Brand Awareness,Instagram Ads,East,Returning Customer,22482,851,87,10218.68,284380.94,3.7852504225602703,10.223266745005875,12.007849588719154,117.456091954023,2682.951809822795,27.82951809822795,2025-12
2025-03-28,Seasonal Sale,Instagram Ads,East,Returning Customer,59225,3788,148,45551.07,395242.22,6.395947657239341,3.907074973600845,12.02509767687434,307.7775,767.690308921393,8.67690308921393,2025-03
2025-09-18,Product Launch,Google Ads,South,New Customer,63849,1606,85,16365.66,72738.37,2.515309558489561,5.292652552926526,10.190323785803237,192.53717647058824,344.45729655876994,4.4445729655876995,2025-09
2025-11-02,Seasonal Sale,LinkedIn Ads,West,New Customer,79854,747,41,11977.61,71697.4,0.9354572094071681,5.4886211512717535,16.034283801874164,292.1368292682927,498.5952122334923,5.985952122334923,2025-11
2025-10-24,Brand Awareness,Facebook Ads,East,Returning Customer,46256,891,29,5727.08,48395.7,1.9262365963334485,3.254769921436588,6.427699214365881,197.4855172413793,745.032721736033,8.45032721736033,2025-10
2025-12-16,Retargeting,Google Ads,South,New Customer,86110,1860,106,34002.53,194599.4,2.160027871327372,5.698924731182796,18.28093010752688,320.77858490566035,472.30858997845166,5.723085899784516,2025-12
2025-08-28,Retargeting,YouTube Ads,North,New Customer,19650,561,19,11451.93,21420.65,2.854961832061069,3.3868092691622103,20.41342245989305,602.7331578947369,87.04838398418433,1.8704838398418433,2025-08
2025-06-16,Brand Awareness,YouTube Ads,North,Returning Customer,51118,986,23,16062.63,21655.41,1.9288704565906336,2.332657200811359,16.290699797160244,698.3752173913043,34.81858201303274,1.3481858201303274,2025-06
2025-11-09,Product Launch,LinkedIn Ads,South,Returning Customer,33930,1605,86,21882.55,189714.95,4.730327144120248,5.358255451713396,13.63398753894081,254.44825581395347,766.9691146598547,8.669691146598547,2025-11
2025-08-07,Retargeting,LinkedIn Ads,South,Returning Customer,90707,1656,156,26856.99,466041.09,1.8256584387092507,9.420289855072465,16.217989130434784,172.1601923076923,1635.269253926073,17.35269253926073,2025-08
2025-05-13,Lead Generation,Email,East,Returning Customer,16801,593,28,9411.86,78924.16,3.52955181239212,4.721753794266442,15.87160202360877,336.1378571428572,738.5607095728155,8.385607095728156,2025-05
2025-07-26,Retargeting,Instagram Ads,North,Returning Customer,56360,3663,287,31389.3,532508.06,6.499290276792051,7.835107835107835,8.569287469287469,109.37038327526132,1596.463635697515,16.96463635697515,2025-07
2025-02-20,Lead Generation,Google Ads,South,New Customer,92908,4023,136,26465.52,294873.41,4.330089981487062,3.3805617698235144,6.5785533184190905,194.59941176470588,1014.1795437988748,11.141795437988748,2025-02
2025-04-16,Brand Awareness,Facebook Ads,North,Returning Customer,21559,900,20,14854.12,48558.19,4.174590658193793,2.2222222222222223,16.50457777777778,742.706,226.90048282900634,3.2690048282900634,2025-04
2025-07-03,Brand Awareness,Facebook Ads,South,New Customer,37334,2346,155,43494.69,373442.94,6.2838163604221355,6.606990622335891,18.539936061381074,280.61090322580645,758.5943249624264,8.585943249624265,2025-07
2025-07-20,Retargeting,Facebook Ads,North,New Customer,18288,981,97,7075.6,91019.24,5.3641732283464565,9.887869520897045,7.212640163098879,72.94432989690722,1186.3819322742947,12.863819322742948,2025-07
2025-01-11,Seasonal Sale,Email,West,Returning Customer,27398,1191,71,8818.18,184567.76,4.347032630118987,5.961376994122586,7.404013434089001,124.19971830985916,1993.0368851622443,20.930368851622443,2025-01
2025-09-11,Lead Generation,Instagram Ads,East,New Customer,81230,2464,186,27857.54,391439.83,3.033362058352825,7.5487012987013,11.305819805194805,149.77172043010754,1305.1485881380768,14.051485881380769,2025-09
2025-05-30,Product Launch,Google Ads,North,New Customer,17191,595,54,10816.9,62350.8,3.461113373276715,9.07563025210084,18.179663865546217,200.31296296296296,476.4202313047177,5.764202313047177,2025-05
2025-12-20,Retargeting,Google Ads,West,New Customer,23051,782,42,8611.66,39819.71,3.3924775497809208,5.3708439897698215,11.01235294117647,205.0395238095238,362.3929648871414,4.623929648871414,2025-12
2025-12-21,Product Launch,Email,North,Returning Customer,66715,1933,98,16906.76,91715.75,2.897399385445552,5.069839627521986,8.746383859286084,172.51795918367344,442.47975366066595,5.424797536606659,2025-12
2025-04-06,Retargeting,Google Ads,North,New Customer,15737,600,40,8911.2,78118.33,3.812670775878503,6.666666666666667,14.852000000000002,222.78000000000003,776.630869018763,8.766308690187628,2025-04
2025-04-16,Seasonal Sale,LinkedIn Ads,West,Returning Customer,70140,2823,201,32966.48,546212.58,4.024807527801539,7.1200850159404885,11.677817924194121,164.01233830845771,1556.8726172767003,16.568726172767,2025-04
2025-05-23,Seasonal Sale,Instagram Ads,North,New Customer,30251,494,9,6731.67,13232.52,1.633003867640739,1.8218623481781375,13.626862348178138,747.9633333333334,96.5711331660643,1.965711331660643,2025-05
2025-06-15,Seasonal Sale,Instagram Ads,North,Returning Customer,55975,3329,207,20831.43,366218.0,5.947297900848593,6.218083508561129,6.2575638329828775,100.63492753623188,1658.0070115205724,17.580070115205725,2025-06
2025-01-01,Seasonal Sale,Instagram Ads,East,Returning Customer,10147,417,22,9029.33,64983.5,4.10958904109589,5.275779376498801,21.65306954436451,410.4240909090909,619.693487778163,7.196934877781629,2025-01
2025-02-15,Brand Awareness,LinkedIn Ads,West,New Customer,55508,1723,60,21070.98,78792.11,3.104057072854363,3.4822983168891466,12.229239698200812,351.183,273.93661804054676,3.739366180405468,2025-02
2025-08-30,Brand Awareness,Facebook Ads,West,New Customer,57224,2192,116,42219.71,136238.52,3.830560603942402,5.291970802919708,19.260816605839416,363.9630172413793,222.68937896541686,3.2268937896541683,2025-08
2025-12-10,Lead Generation,Email,South,New Customer,24643,1206,31,20990.92,55573.22,4.893884673132329,2.570480928689884,17.40540630182421,677.1264516129032,164.74885331371854,2.647488533137185,2025-12
2025-10-05,Product Launch,Instagram Ads,Unknown,Returning Customer,43967,571,9,5860.06,24911.08,1.2987012987012987,1.5761821366024518,10.262802101576183,651.1177777777779,325.0994017126105,4.2509940171261045,2025-10
2025-01-03,Retargeting,Facebook Ads,East,Returning Customer,45733,1528,86,18094.87,187949.4,3.341132223995802,5.6282722513089,11.842192408376963,210.40546511627906,938.6888659603522,10.386888659603523,2025-01
2025-05-22,Retargeting,LinkedIn Ads,North,Returning Customer,89003,1531,118,18074.8,234981.96,1.7201667359527206,7.707380796864795,11.80587851077727,153.17627118644066,1200.0528913182995,13.000528913182995,2025-05
2025-03-02,Brand Awareness,LinkedIn Ads,North,New Customer,39808,2979,137,18857.07,419401.97,7.483420418006431,4.5988586774085265,6.33,137.64284671532846,2124.1099492126823,22.241099492126825,2025-03
2025-10-21,Retargeting,Email,South,Returning Customer,72288,2679,83,48345.76,201755.82,3.7060092961487388,3.0981709593131765,18.046196341918627,582.4790361445783,317.31854044698025,4.173185404469803,2025-10
2025-08-13,Brand Awareness,LinkedIn Ads,North,Returning Customer,63959,1108,38,19748.58,38554.89,1.7323597929923857,3.429602888086643,17.823628158844766,519.6994736842106,95.22866960561213,1.9522866960561214,2025-08
2025-10-29,Lead Generation,LinkedIn Ads,East,Returning Customer,6849,609,41,8762.2,129475.29,8.891809023215067,6.732348111658457,14.38784893267652,213.71219512195123,1377.6573235032297,14.776573235032297,2025-10
2025-06-19,Product Launch,Email,East,Returning Customer,73178,1972,190,18388.22,162389.05,2.694798983300992,9.634888438133874,9.324655172413793,96.7801052631579,783.1145700888937,8.831145700888937,2025-06
2025-05-14,Lead Generation,LinkedIn Ads,South,New Customer,72136,2298,170,11571.5,374667.44,3.185649329045137,7.397737162750218,5.035465622280244,68.06764705882352,3137.846778723588,32.378467787235884,2025-05
2025-02-10,Seasonal Sale,Email,North,New Customer,65740,2166,189,18445.24,288113.96,3.2947976878612715,8.725761772853186,8.515807940904894,97.59386243386244,1461.9962657032384,15.619962657032383,2025-02
2025-08-19,Seasonal Sale,Email,East,Returning Customer,91322,2034,58,27193.33,135267.0,2.2272836775366285,2.8515240904621435,13.369385447394297,468.85051724137935,397.42712643137116,4.974271264313712,2025-08
2025-08-14,Seasonal Sale,Instagram Ads,North,Returning Customer,49565,1918,101,19542.73,183499.32,3.8696660950267323,5.265901981230448,10.189118873826903,193.49237623762374,838.964617532965,9.38964617532965,2025-08
2025-05-19,Lead Generation,Email,North,New Customer,25183,125,10,4128.54,30546.55,0.49636659651352105,8.0,33.02832,412.854,639.8874662713695,7.398874662713696,2025-05
2025-04-20,Retargeting,Google Ads,North,New Customer,6132,314,6,3658.63,9843.77,5.120678408349641,1.910828025477707,11.651687898089172,609.7716666666666,169.05617676561994,2.6905617676561993,2025-04
2025-10-24,Product Launch,YouTube Ads,South,New Customer,43259,782,30,11793.13,75147.97,1.8077163133683165,3.8363171355498724,15.080728900255753,393.10433333333333,537.2181939824288,6.372181939824288,2025-10
2025-02-26,Seasonal Sale,LinkedIn Ads,North,New Customer,68668,1975,155,36539.33,277072.76,2.876157744509815,7.848101265822785,18.50092658227848,235.73761290322582,658.2863725196931,7.5828637251969315,2025-02
2025-05-03,Seasonal Sale,Google Ads,East,New Customer,43563,2015,123,23489.26,451218.12,4.62548492987168,6.104218362282878,11.65720099255583,190.96959349593496,1820.9550237001931,19.209550237001935,2025-05
2025-08-28,Seasonal Sale,LinkedIn Ads,North,Returning Customer,97227,3104,95,14238.27,273865.9,3.1925288242977774,3.060567010309278,4.587071520618557,149.87652631578948,1823.4492673618356,19.234492673618355,2025-08
2025-03-27,Product Launch,Google Ads,East,Returning Customer,15931,518,7,4915.01,10797.55,3.251522189441969,1.3513513513513513,9.488436293436294,702.1442857142857,119.68520918573917,2.1968520918573917,2025-03
2025-06-25,Seasonal Sale,Facebook Ads,North,New Customer,78169,1549,136,16016.79,468229.78,1.9816039606493623,8.779857972885733,10.340083925112976,117.77051470588236,2823.368415269227,29.23368415269227,2025-06
2025-03-04,Product Launch,Email,East,New Customer,55639,3696,36,65959.95,67202.07,6.642822480634088,0.974025974025974,17.846306818181816,1832.2208333333333,1.8831427252446524,1.0188314272524466,2025-03
2025-02-08,Seasonal Sale,Google Ads,East,New Customer,63901,2745,194,49292.77,545714.69,4.295707422419055,7.067395264116576,17.957293260473588,254.08644329896904,1007.0887069239565,11.070887069239566,2025-02
2025-05-18,Lead Generation,LinkedIn Ads,North,New Customer,6044,113,4,3151.81,9655.53,1.869622766379881,3.5398230088495577,27.89212389380531,787.9525,206.34873295027307,3.0634873295027303,2025-05
2025-08-29,Lead Generation,LinkedIn Ads,North,Returning Customer,51691,1947,158,33391.55,129052.17,3.7666131434872607,8.115048793014894,17.150256805341552,211.33892405063293,286.4815200252758,3.864815200252758,2025-08
2025-08-14,Product Launch,Instagram Ads,East,Returning Customer,29363,519,15,8849.28,57843.61,1.767530565677894,2.8901734104046244,17.050635838150292,589.952,553.6532915672235,6.536532915672235,2025-08
2025-07-25,Lead Generation,Google Ads,West,New Customer,51694,3144,378,53140.42,742088.06,6.081943745889271,12.022900763358779,16.90216921119593,140.58312169312168,1296.4663056859545,13.964663056859544,2025-07
2025-06-13,Product Launch,Facebook Ads,South,Returning Customer,6582,250,16,6824.76,17919.37,3.7982376177453663,6.4,27.29904,426.5475,162.5641048183379,2.625641048183379,2025-06
2025-01-27,Lead Generation,Instagram Ads,West,Returning Customer,84910,1729,119,17964.55,335523.72,2.036273701566364,6.882591093117409,10.390138808559861,150.9626050420168,1767.6989960783878,18.676989960783878,2025-01
2025-07-02,Lead Generation,YouTube Ads,West,Returning Customer,71844,3266,116,29037.49,359305.37,4.54596069261177,3.551745254133497,8.890842008573179,250.32318965517243,1137.384395138836,12.37384395138836,2025-07
2025-07-17,Product Launch,Instagram Ads,North,New Customer,26301,810,41,12047.65,42311.21,3.0797308087144972,5.061728395061729,14.873641975308642,293.8451219512195,251.1988645088461,3.5119886450884614,2025-07
2025-12-03,Retargeting,Facebook Ads,South,Returning Customer,79329,1243,65,11282.73,74127.06,1.5668923092437823,5.229283990345937,9.077015285599357,173.58046153846152,556.9957802765821,6.56995780276582,2025-12
2025-04-17,Lead Generation,Instagram Ads,West,New Customer,6620,269,26,5259.28,63900.57,4.063444108761329,9.66542750929368,19.551226765799257,202.28,1115.0060464550281,12.15006046455028,2025-04
2025-07-08,Seasonal Sale,Instagram Ads,North,New Customer,67224,2708,176,49709.26,197197.79,4.02832321789837,6.499261447562777,18.356447562776957,282.4389772727273,296.70232467753493,3.9670232467753492,2025-07
2025-02-05,Retargeting,Email,West,New Customer,61655,3210,220,56555.13,662690.62,5.20639039818344,6.853582554517133,17.618420560747662,257.0687727272727,1071.7604044054005,11.717604044054006,2025-02
2025-03-26,Product Launch,Google Ads,West,New Customer,42534,1529,104,10484.06,264291.19,3.594771241830065,6.801831262262917,6.85680837148463,100.80826923076923,2420.8858972573603,25.208858972573605,2025-03
2025-06-04,Retargeting,Email,North,New Customer,44390,1624,114,19551.0,178603.34,3.658481640009011,7.0197044334975365,12.038793103448276,171.5,813.5253439721753,9.135253439721753,2025-06
2025-06-18,Brand Awareness,Instagram Ads,North,New Customer,76629,2866,58,49228.62,116232.26,3.7400983961685523,2.0237264480111654,17.176769016050244,848.7693103448277,136.10708567495894,2.3610708567495897,2025-06
2025-10-11,Brand Awareness,YouTube Ads,North,New Customer,60856,3586,380,52394.15,873788.31,5.892598922045485,10.596765197992191,14.610750139431122,137.87934210526316,1567.7211291718636,16.67721129171864,2025-10
2025-09-29,Lead Generation,Facebook Ads,South,Returning Customer,54252,1646,54,20351.18,103551.17,3.0339895303398956,3.2806804374240586,12.364021871202917,376.8737037037037,408.8214540876745,5.088214540876745,2025-09
2025-02-04,Lead Generation,Instagram Ads,West,Returning Customer,60809,2556,138,40941.8,387479.15,4.2033251656827115,5.39906103286385,16.017918622848203,296.6797101449276,846.4145445486032,9.46414544548603,2025-02
2025-07-03,Seasonal Sale,YouTube Ads,North,New Customer,27259,1206,112,23365.37,431541.89,4.424226860853296,9.286898839137644,19.37427031509121,208.619375,1746.9294087788896,18.469294087788896,2025-07
2025-04-09,Retargeting,Google Ads,East,Returning Customer,25655,1032,106,21525.71,273977.12,4.022607678815046,10.271317829457365,20.858246124031005,203.07273584905658,1172.7901658063777,12.727901658063777,2025-04
2025-08-25,Brand Awareness,YouTube Ads,West,Returning Customer,38005,1131,84,12967.08,181018.53,2.975924220497303,7.427055702917771,11.465145888594165,154.37,1295.985295070286,13.959852950702857,2025-08
2025-05-02,Lead Generation,Email,East,Returning Customer,36629,1348,57,11843.93,91171.25,3.680144148079391,4.2284866468842734,8.78629821958457,207.7882456140351,669.7719422522761,7.69771942252276,2025-05
2025-01-23,Retargeting,Google Ads,South,New Customer,28610,961,55,18194.48,135373.59,3.3589653967144355,5.723204994797086,18.932861602497397,330.80872727272725,644.0365979132133,7.440365979132133,2025-01
2025-03-04,Lead Generation,Facebook Ads,North,Returning Customer,62184,4003,236,23169.18,646478.76,6.437347227582658,5.895578316262803,5.7879540344741445,98.17449152542373,2690.2530862119415,27.90253086211942,2025-03
2025-11-22,Lead Generation,Email,East,Returning Customer,26602,748,44,14454.63,130940.06,2.811818660251109,5.88235294117647,19.32437165775401,328.51431818181817,805.8693304498282,9.058693304498282,2025-11
2025-05-30,Brand Awareness,Google Ads,South,Returning Customer,90945,1938,46,14106.67,43655.43,2.1309582714827644,2.3735810113519094,7.278983488132095,306.6667391304348,209.46658566479547,3.0946658566479543,2025-05
2025-07-14,Brand Awareness,Instagram Ads,North,New Customer,16110,562,48,6766.42,157871.94,3.488516449410304,8.540925266903916,12.039893238434164,140.96708333333333,2233.1679085838596,23.331679085838598,2025-07
2025-03-21,Lead Generation,Facebook Ads,East,New Customer,11073,374,21,5059.63,31397.48,3.377585116951142,5.614973262032086,13.528422459893049,240.9347619047619,520.5489334200327,6.205489334200327,2025-03
2025-11-11,Product Launch,Instagram Ads,East,Returning Customer,85818,3257,120,24633.32,352555.07,3.795241091612482,3.6843721215842797,7.563193122505373,205.27766666666668,1331.2121549186224,14.312121549186225,2025-11
2025-06-02,Lead Generation,Google Ads,South,New Customer,15195,427,18,10773.71,51735.52,2.8101349128002635,4.215456674473068,25.231170960187352,598.5394444444444,380.2015276074815,4.802015276074815,2025-06
2025-01-17,Lead Generation,LinkedIn Ads,North,New Customer,6537,239,14,3922.14,32399.93,3.6561113660700624,5.857740585774058,16.41062761506276,280.15285714285716,726.07785545646,8.2607785545646,2025-01
2025-02-08,Seasonal Sale,YouTube Ads,North,New Customer,22138,817,16,15795.61,33282.25,3.690486945523534,1.9583843329253363,19.333671970624234,987.225625,110.70569607631487,2.1070569607631486,2025-02
2025-11-29,Seasonal Sale,YouTube Ads,East,Returning Customer,49328,2396,184,41669.85,428309.93,4.857281868310088,7.6794657762938225,17.391423205342235,226.4665760869565,927.8653030908439,10.278653030908439,2025-11
2025-12-14,Seasonal Sale,Email,East,Returning Customer,51202,1863,113,16477.5,99199.07,3.6385297449318386,6.0654857756307035,8.844605475040257,145.81858407079645,502.0274313457746,6.020274313457746,2025-12
2025-07-21,Product Launch,Google Ads,East,New Customer,45164,1650,155,25416.06,465757.97,3.6533522274377823,9.393939393939393,15.403672727272728,163.9745806451613,1732.534114256891,18.32534114256891,2025-07
2025-10-07,Product Launch,Email,North,Returning Customer,94743,4049,230,34606.27,245018.42,4.273666656111797,5.680414917263522,8.546868362558655,150.46204347826085,608.0174199646481,7.080174199646481,2025-10
2025-03-29,Lead Generation,Google Ads,South,New Customer,59659,2864,79,44125.72,129612.37,4.800616839035183,2.7583798882681565,15.407025139664805,558.553417721519,193.73428920819873,2.9373428920819875,2025-03
2025-10-27,Seasonal Sale,Google Ads,South,Returning Customer,91155,1845,46,24099.84,47992.24,2.024025012341616,2.4932249322493227,13.062243902439025,523.9095652173913,99.1392473974931,1.991392473974931,2025-10
2025-10-19,Product Launch,Facebook Ads,North,Returning Customer,54692,886,40,7838.72,107512.34,1.6199809844218533,4.514672686230249,8.847313769751693,195.96800000000002,1271.5547946603526,13.715547946603527,2025-10
2025-12-21,Brand Awareness,Instagram Ads,West,Returning Customer,29845,1803,86,19874.98,178342.51,6.041212933489697,4.769828064337216,11.023283416528008,231.10441860465116,797.3217079966873,8.973217079966874,2025-12
2025-03-11,Lead Generation,Email,South,Returning Customer,94846,4321,176,59632.15,399780.34,4.5558062543491555,4.073131219625087,13.800543855588984,338.8190340909091,570.4107431980904,6.704107431980903,2025-03
2025-05-04,Retargeting,Email,East,New Customer,35562,1127,65,21870.98,155368.7,3.169113098250942,5.767524401064774,19.406370896184562,336.4766153846154,610.3874632046667,7.103874632046667,2025-05
2025-03-21,Lead Generation,Facebook Ads,West,Returning Customer,33036,1166,46,9578.5,134138.76,3.5294829882552365,3.9451114922813035,8.21483704974271,208.22826086956522,1300.4150963094432,14.004150963094432,2025-03
2025-02-14,Retargeting,Facebook Ads,West,New Customer,65752,1914,117,27246.31,137032.01,2.9109380703248573,6.112852664576803,14.235271682340649,232.87444444444446,402.93786571466006,5.029378657146601,2025-02
2025-08-21,Seasonal Sale,YouTube Ads,South,Returning Customer,79233,3024,126,25955.89,366149.17,3.8165915716936123,4.166666666666666,8.583296957671957,205.99912698412697,1310.6592761797033,14.106592761797033,2025-08
2025-06-03,Retargeting,Facebook Ads,West,Returning Customer,88049,1798,127,29319.57,302428.53,2.0420447705255027,7.063403781979978,16.306768631813124,230.86275590551182,931.4903322251998,10.314903322251999,2025-06
2025-06-29,Seasonal Sale,Facebook Ads,West,Returning Customer,73681,3507,165,20299.55,154755.59,4.759707387250445,4.704875962360992,5.788294838893641,123.02757575757575,662.3597074812004,7.623597074812003,2025-06
2025-01-31,Brand Awareness,Google Ads,South,New Customer,32818,1235,106,20500.72,136365.18,3.7631787433725394,8.582995951417004,16.599773279352227,193.40301886792454,565.1726378390612,6.651726378390612,2025-01
2025-03-26,Retargeting,LinkedIn Ads,South,Returning Customer,35544,1356,96,9668.01,157187.64,3.8149898717083053,7.079646017699115,7.129800884955753,100.7084375,1525.8530969661801,16.258530969661802,2025-03
2025-02-14,Lead Generation,Email,West,New Customer,67532,1458,87,21300.25,89774.84,2.1589764852218205,5.967078189300412,14.609224965706447,244.83045977011494,321.4731751974742,4.214731751974742,2025-02
2025-11-19,Seasonal Sale,Google Ads,East,New Customer,83636,3584,178,60892.53,309104.46,4.285236022765317,4.966517857142857,16.990103236607144,342.09286516853933,407.6229547368126,5.076229547368126,2025-11
2025-11-28,Lead Generation,Google Ads,North,Returning Customer,62705,1375,23,21881.39,18243.69,2.192807591101188,1.6727272727272726,15.913738181818182,951.3647826086956,-16.62462942253669,0.8337537057746331,2025-11
2025-08-31,Product Launch,Email,West,New Customer,25104,618,55,12306.27,118712.89,2.461759082217973,8.89967637540453,19.913058252427184,223.75036363636363,864.6537090442514,9.646537090442514,2025-08
2025-02-09,Seasonal Sale,Email,West,Returning Customer,74603,2709,102,34671.78,144921.56,3.6312212645604065,3.7652270210409746,12.798737541528238,339.9194117647059,317.98130929534045,4.179813092953405,2025-02
2025-07-01,Retargeting,Facebook Ads,East,New Customer,64025,4648,266,79357.73,409632.56,7.259664193674347,5.72289156626506,17.073521944922547,298.33733082706766,416.18482534719686,5.161848253471968,2025-07
2025-10-24,Seasonal Sale,YouTube Ads,West,New Customer,37317,1402,89,20882.24,323861.37,3.757000830720583,6.348074179743223,14.894607703281029,234.63191011235958,1450.8938217355992,15.508938217355992,2025-10
2025-03-22,Lead Generation,Google Ads,West,Returning Customer,36416,182,9,4965.38,17873.75,0.499780316344464,4.945054945054945,27.282307692307693,551.7088888888889,259.9674143771473,3.5996741437714737,2025-03
2025-02-07,Brand Awareness,Facebook Ads,North,New Customer,47012,1192,105,15765.63,139738.94,2.5355228452310046,8.808724832214764,13.22619966442953,150.14885714285714,786.3517664692118,8.863517664692118,2025-02
2025-12-22,Seasonal Sale,YouTube Ads,North,New Customer,73045,3305,80,40135.15,198448.2,4.52460811828325,2.4205748865355523,12.143767019667171,501.68937500000004,394.4498774764764,4.944498774764764,2025-12
2025-02-26,Retargeting,Facebook Ads,North,Returning Customer,26400,477,46,7067.21,69010.49,1.8068181818181817,9.643605870020965,14.81595387840671,153.635,876.4884586703948,9.764884586703948,2025-02
2025-11-18,Product Launch,Instagram Ads,South,New Customer,53270,2528,181,34109.63,173806.12,4.745635442087479,7.159810126582279,13.492733386075948,188.45099447513812,409.55146684382095,5.095514668438209,2025-11
2025-01-30,Brand Awareness,Facebook Ads,Unknown,New Customer,77069,2881,140,18706.12,125215.89,3.738208618251178,4.859423811176675,6.49292606733773,133.61514285714284,569.3846185098781,6.6938461850987805,2025-01
2025-09-23,Product Launch,Facebook Ads,North,New Customer,54833,2734,134,46831.24,415086.01,4.986048547407583,4.901243599122165,17.129202633504022,349.4868656716418,786.3442650675063,8.863442650675063,2025-09
2025-08-15,Seasonal Sale,YouTube Ads,North,Returning Customer,68644,1827,18,26223.27,50486.43,2.6615581842549965,0.9852216748768473,14.353185550082102,1456.8483333333334,92.52530290844734,1.9252530290844734,2025-08
2025-11-13,Lead Generation,Facebook Ads,South,Returning Customer,85206,2168,73,39691.24,234659.91,2.544421754336549,3.367158671586716,18.307767527675274,543.7156164383562,491.21335085525175,5.912133508552517,2025-11
2025-10-19,Lead Generation,YouTube Ads,East,Returning Customer,74468,3237,149,19436.21,570400.01,4.346833539238331,4.60302749459376,6.004389867160951,130.44436241610737,2834.728581343791,29.34728581343791,2025-10
2025-02-23,Retargeting,Google Ads,West,New Customer,64473,2249,133,18757.19,388711.3,3.4882819164611543,5.913739439751001,8.340235660293462,141.03150375939848,1972.3322629882193,20.723322629882194,2025-02
2025-04-07,Lead Generation,Google Ads,West,Returning Customer,50809,1726,149,29816.61,397750.36,3.3970359581963825,8.632676709154113,17.27497682502897,200.11147651006712,1233.9892093702135,13.339892093702133,2025-04
2025-01-04,Brand Awareness,Google Ads,North,Returning Customer,43328,2536,268,26013.58,746588.51,5.853028064992614,10.56782334384858,10.257720820189276,97.06559701492537,2769.9952486355205,28.6999524863552,2025-01
2025-11-06,Lead Generation,Email,East,Returning Customer,41784,1841,113,21504.35,166209.25,4.4059927244878425,6.137968495382944,11.680798479087452,190.30398230088494,672.9098996249596,7.729098996249596,2025-11
2025-04-01,Retargeting,Facebook Ads,South,New Customer,28723,147,8,7308.99,9141.23,0.5117849806775058,5.442176870748299,49.72102040816326,913.62375,25.068306291293325,1.2506830629129333,2025-04
2025-03-30,Seasonal Sale,LinkedIn Ads,North,Returning Customer,65646,3084,131,38889.55,310313.69,4.697925235353258,4.247730220492866,12.610100518806746,296.8667938931298,697.9359236607263,7.979359236607263,2025-03
2025-11-16,Seasonal Sale,Instagram Ads,East,Returning Customer,71255,3241,39,22564.08,86051.55,4.548452740158585,1.203332304844184,6.96207343412527,578.5661538461538,281.36520522884155,3.8136520522884156,2025-11
2025-04-02,Lead Generation,YouTube Ads,East,New Customer,5074,267,10,8828.27,36892.55,5.262120614899487,3.7453183520599254,33.06468164794008,882.827,317.8910477364195,4.1789104773641945,2025-04
2025-05-30,Product Launch,Google Ads,East,New Customer,31498,658,32,6268.0,59817.29,2.089021525176202,4.86322188449848,9.525835866261398,195.875,854.3281748564135,9.543281748564135,2025-05
2025-08-22,Seasonal Sale,LinkedIn Ads,South,Returning Customer,70522,2811,223,50989.1,681954.86,3.9859901874592327,7.933119886161509,18.139131981501244,228.65067264573992,1237.4522397924263,13.374522397924263,2025-08
2025-12-03,Lead Generation,Email,South,New Customer,25541,936,63,6443.71,162268.56,3.6646959790141342,6.730769230769231,6.884305555555556,102.28111111111112,2418.2474071614024,25.182474071614024,2025-12
2025-02-28,Retargeting,Email,West,Returning Customer,50929,1050,63,16578.32,85487.58,2.0616937304875416,6.0,15.78887619047619,263.1479365079365,415.6588846155703,5.156588846155702,2025-02
2025-07-04,Lead Generation,LinkedIn Ads,West,Returning Customer,31028,1526,61,12168.38,127058.83,4.918138455588501,3.99737876802097,7.974036697247706,199.48163934426228,944.1721083661096,10.441721083661097,2025-07
2025-02-13,Seasonal Sale,Email,East,Returning Customer,34545,1083,10,16766.18,25322.33,3.1350412505427703,0.9233610341643583,15.48123730378578,1676.618,51.03219695840079,1.510321969584008,2025-02
2025-06-29,Retargeting,Instagram Ads,East,New Customer,84569,4422,44,24410.85,102044.8,5.228866369473447,0.9950248756218906,5.520318860244233,554.7920454545455,318.03050692622344,4.180305069262234,2025-06
2025-03-17,Lead Generation,Google Ads,South,New Customer,36673,874,11,18032.56,22093.69,2.383224715730919,1.2585812356979404,20.63221967963387,1639.3236363636365,22.52109517450654,1.2252109517450653,2025-03
2025-05-24,Brand Awareness,Google Ads,West,Returning Customer,35974,470,22,9858.42,26457.08,1.3064991382665259,4.680851063829787,20.97536170212766,448.11,168.37038795263342,2.683703879526334,2025-05
2025-04-11,Retargeting,YouTube Ads,East,New Customer,63899,2003,159,12591.79,303531.29,3.134634344825428,7.938092860708937,6.28646530204693,79.19364779874215,2310.5491752959665,24.10549175295966,2025-04
2025-09-29,Brand Awareness,Instagram Ads,West,Returning Customer,28097,1081,85,16581.89,237079.29,3.8473858419048295,7.863089731729881,15.339398704902868,195.08105882352942,1329.7482976910353,14.297482976910354,2025-09
2025-02-24,Product Launch,LinkedIn Ads,West,New Customer,98144,2648,198,30719.87,464694.62,2.6980762960547766,7.477341389728097,11.601159365558912,155.15085858585857,1412.684200812048,15.126842008120477,2025-02
2025-07-08,Retargeting,Instagram Ads,East,New Customer,69824,349,14,7124.9,33502.08,0.49982813932172315,4.011461318051576,20.415186246418337,508.9214285714285,370.21123103482154,4.702112310348216,2025-07
2025-12-17,Brand Awareness,Google Ads,South,New Customer,28525,1162,97,6901.79,106383.35,4.07361963190184,8.347676419965575,5.939578313253012,71.15247422680412,1441.3878138859632,15.41387813885963,2025-12
2025-12-01,Seasonal Sale,Google Ads,East,New Customer,62804,2555,81,28215.25,105127.34,4.0682122157824345,3.1702544031311155,11.043150684931506,348.33641975308643,272.59049627417795,3.7259049627417795,2025-12
2025-03-18,Seasonal Sale,Email,East,Returning Customer,20043,908,69,7037.08,104834.94,4.530259941126578,7.599118942731277,7.7500881057268725,101.98666666666666,1389.7505783648899,14.897505783648901,2025-03
2025-10-23,Product Launch,Facebook Ads,West,New Customer,46846,1372,18,9579.8,31734.35,2.928745250394911,1.3119533527696794,6.982361516034985,532.2111111111111,231.26317877199943,3.3126317877199942,2025-10
2025-08-07,Retargeting,Google Ads,East,New Customer,82261,2342,59,19503.4,126995.34,2.8470356548060445,2.5192143467122117,8.327668659265585,330.5661016949153,551.1446209378877,6.511446209378877,2025-08
2025-10-04,Retargeting,Instagram Ads,South,New Customer,55227,3126,301,43012.23,955629.9,5.660274865554891,9.628918746001279,13.759510556621882,142.89777408637875,2121.7632054882993,22.217632054882994,2025-10
2025-03-07,Retargeting,Google Ads,East,New Customer,58028,659,32,11847.27,44309.77,1.1356586475494588,4.855842185128983,17.97764795144158,370.2271875,274.00827363603594,3.7400827363603595,2025-03
2025-05-16,Product Launch,Instagram Ads,South,New Customer,42383,1326,50,7307.36,48238.98,3.128612887242527,3.770739064856712,5.510829562594268,146.1472,560.1423770007226,6.6014237700072265,2025-05
2025-08-22,Retargeting,Facebook Ads,South,Returning Customer,34483,1280,105,26975.81,197871.91,3.711974016181887,8.203125,21.0748515625,256.9124761904762,633.5161020188087,7.335161020188087,2025-08
2025-07-18,Seasonal Sale,LinkedIn Ads,West,New Customer,12265,540,46,12361.62,95822.33,4.4027721157766,8.518518518518519,22.89188888888889,268.7308695652174,675.1599709423199,7.751599709423198,2025-07
2025-09-23,Brand Awareness,Facebook Ads,North,New Customer,27763,1042,46,11224.9,108414.8,3.753196700644743,4.414587332053743,10.772456813819577,244.0195652173913,865.8420119555633,9.65842011955563,2025-09
2025-02-12,Seasonal Sale,Facebook Ads,North,New Customer,80652,1707,105,13068.2,319155.51,2.1165005207558396,6.151142355008787,7.6556531927357945,124.45904761904762,2342.230069940772,24.42230069940772,2025-02
2025-12-27,Seasonal Sale,Google Ads,West,Returning Customer,20733,1088,63,20539.89,196175.26,5.2476727921670765,5.790441176470589,18.87857536764706,326.03,855.0940146222789,9.55094014622279,2025-12
2025-08-16,Brand Awareness,Google Ads,East,New Customer,96038,3364,33,37542.08,33951.06,3.502780149524147,0.9809750297265161,11.159952437574317,1137.638787878788,-9.565319769176359,0.9043468023082364,2025-08
2025-08-15,Seasonal Sale,Facebook Ads,West,New Customer,42420,423,8,7631.54,30117.86,0.9971711456859971,1.8912529550827424,18.04146572104019,953.9425,294.649834764674,3.94649834764674,2025-08
2025-03-04,Product Launch,Instagram Ads,South,Returning Customer,14247,543,42,7778.42,48963.64,3.8113287007791112,7.734806629834254,14.324898710865561,185.2004761904762,529.4805371785015,6.294805371785015,2025-03
2025-06-20,Brand Awareness,Instagram Ads,North,New Customer,28840,1215,41,20619.47,110905.35,4.212898751733704,3.374485596707819,16.97075720164609,502.9139024390244,437.86712267580106,5.37867122675801,2025-06
2025-09-07,Seasonal Sale,Facebook Ads,West,New Customer,70149,4518,308,29311.05,743323.73,6.4405764871915485,6.81717574147853,6.48761620185923,95.16574675324675,2435.9846542515534,25.359846542515537,2025-09
2025-12-04,Lead Generation,Email,East,New Customer,26058,1071,65,19592.85,154285.09,4.110062169007598,6.069094304388422,18.293977591036413,301.42846153846153,687.4560872971518,7.874560872971518,2025-12
2025-09-07,Seasonal Sale,LinkedIn Ads,West,Returning Customer,39929,509,43,9756.22,63140.35,1.2747627037992437,8.447937131630647,19.167426326129664,226.88883720930232,547.1804653851594,6.471804653851595,2025-09
2025-11-03,Product Launch,Email,North,New Customer,89171,1185,24,16551.9,43854.94,1.3289073802020837,2.0253164556962027,13.967848101265824,689.6625,164.9541140292051,2.649541140292051,2025-11
2025-08-26,Retargeting,Google Ads,West,Returning Customer,96164,5181,336,84543.11,867468.63,5.387671061935859,6.485234510712218,16.317913530206525,251.61639880952382,926.0666185570889,10.260666185570887,2025-08
2025-02-25,Seasonal Sale,Instagram Ads,West,Returning Customer,36362,834,44,9841.62,57626.67,2.2936032121445464,5.275779376498801,11.800503597122303,223.67318181818183,485.5404902851359,5.855404902851359,2025-02
2025-06-20,Retargeting,Google Ads,North,New Customer,91489,1075,37,15123.06,34230.41,1.1750046453672025,3.441860465116279,14.067962790697674,408.73135135135135,126.3457924520567,2.263457924520567,2025-06
2025-02-03,Lead Generation,Facebook Ads,South,New Customer,89664,4483,157,49491.12,360662.5,4.999776945039257,3.5021191166629486,11.039732322105733,315.2300636942675,628.7418429811247,7.287418429811247,2025-02
2025-11-11,Seasonal Sale,YouTube Ads,South,New Customer,52356,1458,88,17567.39,169834.14,2.7847811139124454,6.035665294924554,12.048964334705076,199.6294318181818,866.7579532303888,9.66757953230389,2025-11
2025-05-10,Brand Awareness,Google Ads,North,Returning Customer,82597,4064,287,34658.63,791510.28,4.920275554802232,7.062007874015748,8.528206200787402,120.76177700348431,2183.732161369333,22.83732161369333,2025-05
2025-05-10,Retargeting,Instagram Ads,West,New Customer,11041,234,13,3977.85,16940.23,2.1193732451770675,5.555555555555555,16.999358974358973,305.98846153846154,325.8639717435298,4.258639717435298,2025-05
2025-05-31,Lead Generation,Instagram Ads,North,New Customer,83209,4751,272,30099.21,760721.24,5.709718900599695,5.725110503051988,6.335342033256157,110.65886029411764,2427.3794229150867,25.273794229150866,2025-05
2025-05-23,Brand Awareness,Email,South,New Customer,66954,3219,136,26435.82,152994.98,4.807778474773725,4.224914569742156,8.212432432432433,194.3810294117647,478.74119282095285,5.787411928209528,2025-05
2025-04-28,Brand Awareness,Instagram Ads,East,Returning Customer,66869,1615,71,14959.36,227313.82,2.415169959173907,4.396284829721362,9.262761609907121,210.69521126760563,1419.5424135791907,15.195424135791905,2025-04
2025-07-23,Brand Awareness,Google Ads,West,New Customer,26059,263,9,7232.71,16418.98,1.0092482443685482,3.4220532319391634,27.500798479087454,803.6344444444444,127.01006953133749,2.2701006953133747,2025-07
2025-08-23,Brand Awareness,Facebook Ads,South,Returning Customer,49722,3459,145,20216.39,373864.01,6.956679135996138,4.191962995085285,5.844576467187048,139.4233793103448,1749.3114250368142,18.493114250368144,2025-08
2025-01-17,Seasonal Sale,Instagram Ads,West,New Customer,22548,718,50,12918.68,165450.96,3.184317899591982,6.963788300835655,17.992590529247913,258.3736,1180.7110323964987,12.807110323964986,2025-01
2025-03-23,Seasonal Sale,Google Ads,North,New Customer,20078,473,34,7907.63,48512.33,2.355812331905568,7.188160676532769,16.71803382663848,232.57735294117649,513.4876062739405,6.134876062739405,2025-03
2025-01-14,Seasonal Sale,Facebook Ads,East,New Customer,10419,581,13,4773.08,15191.33,5.576350897398983,2.2375215146299485,8.215283993115317,367.15999999999997,218.27101159000057,3.1827101159000057,2025-01
2025-03-22,Lead Generation,Google Ads,North,New Customer,40490,1991,64,20901.45,145703.91,4.917263521857248,3.214465092918132,10.497965846308388,326.58515625,597.0995313722253,6.970995313722254,2025-03
2025-07-26,Lead Generation,Google Ads,East,New Customer,81086,4276,159,31630.73,248691.02,5.273413412919616,3.7184284377923293,7.397270813844715,198.93540880503144,686.2323126908547,7.862323126908548,2025-07
2025-07-23,Lead Generation,Facebook Ads,West,New Customer,63760,2137,114,28531.59,271508.84,3.3516311166875785,5.334581188582124,13.351235376696303,250.2771052631579,851.6078143559474,9.516078143559472,2025-07
2025-09-29,Product Launch,Google Ads,West,Returning Customer,35337,2233,28,23068.64,37667.86,6.319155559328749,1.2539184952978055,10.33078369905956,823.88,63.28600212236179,1.632860021223618,2025-09
2025-02-01,Lead Generation,Instagram Ads,North,Returning Customer,6468,99,3,4460.73,10517.39,1.530612244897959,3.0303030303030303,45.057878787878785,1486.9099999999999,135.77732792614663,2.3577732792614663,2025-02
2025-01-23,Seasonal Sale,Email,East,Returning Customer,29309,783,15,15593.53,35978.92,2.6715343409874097,1.9157088122605364,19.915108556832696,1039.5686666666668,130.7297962680676,2.3072979626806758,2025-01
2025-04-12,Seasonal Sale,LinkedIn Ads,East,New Customer,71344,2914,189,32524.61,158573.48,4.084435972191074,6.485929993136582,11.1614996568291,172.0878835978836,387.54921273460315,4.875492127346032,2025-04
2025-06-11,Product Launch,Google Ads,West,New Customer,95283,5004,271,76944.63,917340.76,5.251723812222537,5.415667466027179,15.376624700239809,283.92852398523985,1092.2089429762675,11.922089429762675,2025-06
2025-04-08,Product Launch,Google Ads,North,New Customer,77255,3470,150,16686.53,223288.62,4.491618665458547,4.322766570605188,4.808798270893371,111.24353333333333,1238.1369284087225,13.381369284087226,2025-04
2025-05-24,Lead Generation,Google Ads,East,Returning Customer,86899,2933,83,35170.3,137424.01,3.3751826833450327,2.8298670303443574,11.991237640640984,423.7385542168675,290.7388051850567,3.907388051850567,2025-05
2025-04-14,Retargeting,Instagram Ads,West,Returning Customer,33718,939,41,16600.72,65043.63,2.7848626846194913,4.366347177848776,17.679148029818958,404.8956097560976,291.8121021256909,3.918121021256909,2025-04
2025-11-20,Product Launch,Email,South,New Customer,99337,5225,213,37700.35,532791.31,5.259872957709614,4.076555023923445,7.215377990430622,176.9969483568075,1313.2264289323575,14.132264289323576,2025-11
2025-06-20,Brand Awareness,Google Ads,North,New Customer,42841,1990,190,10885.8,350625.6,4.645082981256273,9.547738693467336,5.470251256281407,57.293684210526315,3120.9447169707323,32.209447169707325,2025-06
2025-03-05,Seasonal Sale,YouTube Ads,South,New Customer,78548,1718,137,11506.76,384323.93,2.187197637113612,7.974388824214203,6.697764842840512,83.99094890510949,3239.9838877320813,33.39983887732081,2025-03
2025-09-01,Brand Awareness,Google Ads,North,New Customer,88565,1898,71,21548.69,82351.32,2.1430587703946253,3.7407797681770285,11.353366701791359,303.50267605633803,282.1639273663504,3.821639273663504,2025-09
2025-03-12,Seasonal Sale,Instagram Ads,West,New Customer,51660,1385,81,19647.35,288098.76,2.680991095625242,5.8483754512635375,14.18581227436823,242.55987654320987,1366.3492023097265,14.663492023097264,2025-03
2025-10-01,Seasonal Sale,Email,East,Returning Customer,55281,1376,108,17422.4,331487.52,2.489101137823122,7.848837209302325,12.661627906976745,161.31851851851854,1802.6512994765358,19.02651299476536,2025-10
2025-05-05,Product Launch,LinkedIn Ads,East,Returning Customer,5767,290,10,3769.8,16896.74,5.028611062944339,3.4482758620689653,12.999310344827586,376.98,348.21316780731075,4.482131678073108,2025-05
2025-11-13,Product Launch,Email,East,New Customer,8895,369,7,7260.71,19308.91,4.148397976391231,1.8970189701897018,19.676720867208672,1037.2442857142858,165.9369400513173,2.6593694005131727,2025-11
2025-11-27,Brand Awareness,LinkedIn Ads,North,New Customer,63026,2733,27,43951.92,62676.28,4.336305651635833,0.9879253567508233,16.08193194291987,1627.8488888888887,42.601915911750844,1.4260191591175084,2025-11
2025-04-17,Seasonal Sale,Facebook Ads,West,Returning Customer,47968,1816,157,12841.63,150007.99,3.7858572381587727,8.645374449339208,7.071382158590308,81.79382165605095,1068.1382347879512,11.681382347879513,2025-04
2025-05-28,Brand Awareness,LinkedIn Ads,South,New Customer,45097,1739,87,29178.3,95165.55,3.856132336962547,5.002875215641174,16.77878090856814,335.38275862068963,226.1517977401014,3.261517977401014,2025-05
2025-07-11,Retargeting,Google Ads,West,New Customer,20332,229,14,4675.35,13177.99,1.1263033641550266,6.11353711790393,20.41637554585153,333.9535714285715,181.86103714160436,2.8186103714160433,2025-07
2025-12-03,Brand Awareness,YouTube Ads,South,New Customer,19621,920,37,15935.99,96045.47,4.688853779114215,4.021739130434782,17.321728260869566,430.70243243243243,502.69534556685835,6.026953455668584,2025-12
2025-08-14,Lead Generation,Instagram Ads,North,New Customer,81870,2173,50,33294.94,110371.87,2.654207890558202,2.300966405890474,15.322107685227797,665.8988,231.49742873842087,3.3149742873842087,2025-08
2025-08-30,Brand Awareness,LinkedIn Ads,North,New Customer,23174,799,22,9363.73,30992.04,3.4478294640545437,2.753441802252816,11.719311639549437,425.6240909090909,230.9796416598941,3.309796416598941,2025-08
2025-12-28,Lead Generation,Facebook Ads,South,Returning Customer,45502,1269,27,12146.74,31875.61,2.788888400509868,2.127659574468085,9.571899133175728,449.87925925925924,162.42111052018896,2.6242111052018897,2025-12
2025-10-11,Lead Generation,Email,South,New Customer,41674,1549,118,20561.8,243054.1,3.716945817536114,7.617817947062622,13.274241446094253,174.25254237288135,1082.066258790573,11.820662587905728,2025-10
2025-06-12,Lead Generation,Instagram Ads,South,New Customer,42260,1842,170,33810.72,334900.38,4.358731661145291,9.229098805646037,18.355439739413683,198.8865882352941,890.5153750053238,9.905153750053238,2025-06
2025-01-08,Retargeting,Email,West,Returning Customer,47498,943,52,14173.3,131591.63,1.985346751442166,5.514316012725344,15.030010604453869,272.5634615384615,828.4473622938906,9.284473622938908,2025-01
2025-12-13,Brand Awareness,Google Ads,South,New Customer,72609,2816,48,15688.36,167533.34,3.8783070969163598,1.7045454545454544,5.571150568181818,326.84083333333336,967.8830674461828,10.67883067446183,2025-12
2025-06-01,Brand Awareness,Google Ads,North,Returning Customer,54464,1539,103,11549.99,212919.04,2.825719741480611,6.692657569850552,7.504866796621182,112.13582524271844,1743.4564878411152,18.43456487841115,2025-06
2025-11-18,Retargeting,Facebook Ads,North,Returning Customer,76805,4210,364,78782.24,682451.12,5.481413970444633,8.646080760095012,18.71312114014252,216.43472527472528,766.2499568430651,8.66249956843065,2025-11
2025-04-05,Seasonal Sale,Google Ads,East,New Customer,69919,1278,101,9004.13,198246.89,1.8278293453853744,7.902973395931142,7.045485133020343,89.149801980198,2101.732871471203,22.01732871471203,2025-04
2025-08-02,Product Launch,LinkedIn Ads,South,Returning Customer,59469,1187,64,8604.05,171525.73,1.9959979148800215,5.391743892165122,7.248567818028643,134.43828125,1893.5464112830591,19.935464112830587,2025-08
2025-03-05,Brand Awareness,Google Ads,West,New Customer,22194,657,32,8107.69,34231.81,2.9602595296025953,4.87062404870624,12.340471841704717,253.3653125,322.2140955068583,4.222140955068583,2025-03
2025-03-06,Product Launch,YouTube Ads,West,Returning Customer,31811,671,36,12859.27,53711.67,2.109333249504888,5.365126676602086,19.164336810730255,357.20194444444445,317.68832911977114,4.176883291197711,2025-03
2025-09-27,Retargeting,Facebook Ads,West,New Customer,77377,2447,209,22940.47,582495.31,3.1624384507024055,8.541070698814876,9.374936657131181,109.763014354067,2439.1603136291455,25.391603136291454,2025-09
2025-01-25,Seasonal Sale,Google Ads,East,Returning Customer,48723,1319,97,15731.42,86765.89,2.7071403649200585,7.354056103108415,11.92677786201668,162.179587628866,451.5451879105637,5.515451879105637,2025-01
2025-04-10,Seasonal Sale,LinkedIn Ads,North,Returning Customer,80235,2914,132,40718.56,185598.32,3.6318314949834862,4.529855868222374,13.973424845573094,308.47393939393936,355.8076709981886,4.5580767099818855,2025-04
2025-04-15,Seasonal Sale,Email,West,New Customer,81298,4074,182,22382.35,480015.28,5.0111933872912005,4.4673539518900345,5.49394943544428,122.97994505494505,2044.6151990295928,21.446151990295927,2025-04
2025-05-11,Retargeting,Instagram Ads,North,New Customer,64238,2317,99,42387.66,128013.53,3.606899343067966,4.272766508416055,18.294199395770395,428.15818181818184,202.00659814672477,3.0200659814672477,2025-05
2025-11-17,Lead Generation,Instagram Ads,East,Returning Customer,7147,267,7,4193.64,12976.43,3.735833216734294,2.6217228464419478,15.706516853932586,599.0914285714287,209.43118627254606,3.09431186272546,2025-11
2025-01-19,Lead Generation,Email,South,Returning Customer,43445,831,73,10038.7,164259.78,1.912763263896881,8.78459687123947,12.080264741275572,137.5164383561644,1536.2654526980582,16.362654526980585,2025-01
2025-08-13,Product Launch,Google Ads,South,New Customer,58803,1939,68,32073.51,138113.97,3.297450810332806,3.5069623517276947,16.541263537906136,471.6692647058823,330.61694837889587,4.306169483788959,2025-08
2025-04-16,Lead Generation,YouTube Ads,South,Returning Customer,66108,1895,127,36686.94,140872.43,2.8665214497488956,6.701846965699208,19.359862796833774,288.8735433070866,283.9852274406096,3.839852274406096,2025-04
2025-02-23,Lead Generation,YouTube Ads,West,New Customer,7013,317,12,6824.71,45967.04,4.52017681448738,3.7854889589905363,21.529053627760252,568.7258333333333,573.538362802229,6.73538362802229,2025-02
2025-08-14,Seasonal Sale,Email,South,New Customer,90617,2132,91,18613.65,95744.56,2.3527594160036194,4.2682926829268295,8.730605065666042,204.5456043956044,414.3782116887338,5.143782116887338,2025-08
2025-12-26,Seasonal Sale,Google Ads,West,New Customer,87410,1930,100,32609.57,285660.01,2.2079853563665486,5.181347150259067,16.89615025906736,326.0957,776.0005421721293,8.760005421721292,2025-12
2025-01-15,Product Launch,Email,East,New Customer,58502,2326,159,26654.64,155739.34,3.9759324467539567,6.835769561478934,11.459432502149612,167.63924528301885,484.28603800313937,5.842860380031394,2025-01
2025-02-17,Brand Awareness,Google Ads,East,Returning Customer,42755,2766,134,50386.04,273127.7,6.469418781429074,4.844540853217643,18.216211135213303,376.01522388059703,442.0701845193629,5.420701845193629,2025-02
2025-05-19,Product Launch,Google Ads,West,New Customer,13733,444,11,12113.96,13708.54,3.233088181751984,2.4774774774774775,27.283693693693692,1101.269090909091,13.163160518938497,1.1316316051893849,2025-05
2025-02-03,Product Launch,Facebook Ads,North,Returning Customer,14479,543,30,6789.52,35762.64,3.7502589957870014,5.524861878453039,12.503720073664827,226.31733333333335,426.7329649224098,5.267329649224098,2025-02
2025-12-21,Retargeting,Instagram Ads,South,New Customer,80361,3955,141,72177.37,149811.86,4.921541543783676,3.565107458912769,18.249651074589128,511.89624113475173,107.5607077398359,2.075607077398359,2025-12
2025-07-29,Retargeting,LinkedIn Ads,South,New Customer,26304,1121,104,13306.69,237274.03,4.261709245742092,9.27743086529884,11.870374665477254,127.9489423076923,1683.1183412253533,17.831183412253534,2025-07
2025-01-19,Product Launch,Email,South,New Customer,40694,1739,84,26443.03,183572.35,4.2733572516832945,4.830362277170788,15.20588269120184,314.79797619047616,594.2182873899096,6.942182873899096,2025-01
2025-07-15,Product Launch,Email,West,New Customer,86171,2892,110,15363.4,140708.81,3.3561174873217205,3.8035961272475793,5.31237897648686,139.66727272727272,815.8702500748532,9.158702500748532,2025-07
2025-11-22,Product Launch,Facebook Ads,East,New Customer,91296,3091,322,51764.17,1100869.54,3.385690501226779,10.417340666450988,16.746738919443544,160.75829192546584,2026.7018093789588,21.267018093789584,2025-11
2025-04-25,Lead Generation,Facebook Ads,South,New Customer,14490,343,25,5132.89,39848.36,2.3671497584541066,7.288629737609329,14.96469387755102,205.31560000000002,676.3338002567754,7.763338002567754,2025-04
2025-12-18,Retargeting,Facebook Ads,East,New Customer,26252,1110,36,17096.44,69807.55,4.228249276245619,3.2432432432432434,15.402198198198198,474.90111111111105,308.31629274866583,4.083162927486659,2025-12
2025-03-16,Product Launch,YouTube Ads,South,New Customer,11862,497,17,11462.15,24407.66,4.1898499409880285,3.420523138832998,23.062676056338027,674.2441176470588,112.94137661782474,2.1294137661782475,2025-03
2025-05-30,Seasonal Sale,Google Ads,South,New Customer,74959,3429,229,38974.54,488353.66,4.5745007270641285,6.67833187518227,11.366153397491981,170.1944978165939,1153.00686037603,12.5300686037603,2025-05
2025-02-05,Seasonal Sale,LinkedIn Ads,West,New Customer,15450,427,23,5953.13,62743.46,2.7637540453074436,5.386416861826698,13.941756440281031,258.8317391304348,953.957497988453,10.53957497988453,2025-02
2025-08-30,Lead Generation,Instagram Ads,North,Returning Customer,61022,2895,223,48633.34,548491.03,4.744190619776474,7.70293609671848,16.799081174438687,218.0867264573991,1027.8086802181385,11.278086802181386,2025-08
2025-05-31,Lead Generation,Facebook Ads,West,Returning Customer,66991,3483,133,53166.49,184696.26,5.199205863474198,3.8185472293999427,15.264567901234567,399.74804511278194,247.3922389836155,3.4739223898361544,2025-05
2025-03-04,Brand Awareness,Email,South,New Customer,45927,771,55,15080.41,80569.57,1.6787510614671108,7.133592736705577,19.559546044098575,274.18927272727274,434.2664423579996,5.342664423579996,2025-03
2025-06-03,Brand Awareness,Instagram Ads,South,New Customer,93090,2843,28,49721.15,72460.89,3.054033730798152,0.9848751319029194,17.488972915933875,1775.7553571428573,45.734541538158304,1.457345415381583,2025-06
2025-07-07,Brand Awareness,LinkedIn Ads,North,New Customer,54853,2886,147,28233.36,182349.91,5.261334840391592,5.093555093555094,9.782869022869024,192.06367346938777,545.8668397951926,6.458668397951926,2025-07
2025-08-11,Lead Generation,YouTube Ads,East,Returning Customer,36826,930,36,10822.53,59971.09,2.5253896703416068,3.870967741935484,11.637129032258064,300.62583333333333,454.13188967829143,5.541318896782914,2025-08
2025-04-03,Lead Generation,Facebook Ads,East,New Customer,47879,2055,89,19876.81,111908.48,4.292069592096744,4.330900243309002,9.672413625304136,223.33494382022474,463.0102617069841,5.630102617069841,2025-04
2025-01-05,Lead Generation,Facebook Ads,South,New Customer,62265,2187,114,30755.16,153488.0,3.512406649000241,5.212620027434842,14.062716049382717,269.7821052631579,399.06422206875203,4.99064222068752,2025-01
2025-06-15,Seasonal Sale,Instagram Ads,East,New Customer,77361,3091,257,31855.3,302659.74,3.995553314977831,8.314461339372372,10.305823358136525,123.95058365758754,850.1079569176871,9.501079569176872,2025-06
2025-01-25,Lead Generation,YouTube Ads,South,New Customer,82990,2953,77,47366.25,275427.77,3.558260031329076,2.6075177785303083,16.04004402302743,615.1461038961039,481.48527696408314,5.814852769640831,2025-01
2025-04-08,Seasonal Sale,Google Ads,North,New Customer,94787,4378,43,29858.76,107415.1,4.618776836486016,0.9821836455002284,6.820182731841023,694.3897674418604,259.7440081235792,3.5974400812357916,2025-04
2025-09-25,Brand Awareness,Instagram Ads,North,Returning Customer,91184,1794,52,11827.28,126246.58,1.9674504298999824,2.898550724637681,6.592686733556299,227.4476923076923,967.4185442468598,10.674185442468598,2025-09
2025-05-30,Brand Awareness,Instagram Ads,South,New Customer,45736,974,78,7896.63,99942.58,2.129613433619031,8.008213552361395,8.107422997946612,101.23884615384615,1165.6358471905103,12.656358471905104,2025-05
2025-09-09,Brand Awareness,Email,North,Returning Customer,29530,1682,23,9447.08,48819.17,5.6959024720623095,1.3674197384066586,5.616575505350773,410.74260869565217,416.76465108795514,5.167646510879552,2025-09
2025-03-25,Product Launch,Google Ads,West,New Customer,83052,5523,224,71618.4,500221.78,6.650050570726773,4.055766793409378,12.967300380228135,319.72499999999997,598.4542799057226,6.984542799057227,2025-03
2025-10-12,Product Launch,Email,West,New Customer,52058,1817,138,14594.68,338046.68,3.490337700257405,7.59493670886076,8.032294991744633,105.75855072463769,2216.232216122587,23.16232216122587,2025-10
2025-06-21,Retargeting,YouTube Ads,North,Returning Customer,79094,4803,257,30851.89,254898.19,6.07252130376514,5.350822402665001,6.4234624193212575,120.04626459143968,726.1995942550035,8.261995942550035,2025-06
2025-08-09,Retargeting,Google Ads,South,New Customer,79255,1856,154,9394.86,549918.22,2.3418080878178036,8.297413793103448,5.061885775862069,61.00558441558442,5753.394515724555,58.533945157245554,2025-08
2025-04-19,Retargeting,Google Ads,South,Returning Customer,9886,267,2,8340.34,3831.73,2.70078899453773,0.7490636704119851,31.237228464419477,4170.17,-54.05786814446414,0.45942131855535867,2025-04
2025-01-27,Product Launch,YouTube Ads,North,New Customer,98721,5613,263,89407.14,842636.54,5.685720363448507,4.685551398539105,15.928583645109567,339.95110266159696,842.4711941350546,9.424711941350546,2025-01
2025-09-03,Product Launch,Google Ads,East,New Customer,42387,1994,176,13311.86,125270.21,4.704272536390874,8.826479438314944,6.675957873620863,75.63556818181819,841.0421233396385,9.410421233396384,2025-09
2025-02-24,Retargeting,LinkedIn Ads,West,Returning Customer,26575,1570,42,23249.32,66645.65,5.907808090310442,2.67515923566879,14.808484076433121,553.5552380952381,186.65634091663753,2.866563409166375,2025-02
2025-05-13,Retargeting,Instagram Ads,East,New Customer,44643,1876,151,19665.68,179703.28,4.202226552875031,8.049040511727078,10.482771855010661,130.23629139072847,813.7913359721099,9.137913359721098,2025-05
2025-02-21,Lead Generation,Facebook Ads,South,Returning Customer,15100,299,14,6937.38,36656.03,1.980132450331126,4.682274247491638,23.201939799331104,495.52714285714285,428.38434682834145,5.283843468283415,2025-02
2025-09-10,Retargeting,LinkedIn Ads,South,New Customer,65356,2506,165,36149.08,250019.26,3.8343839892282268,6.584197924980048,14.425011971268955,219.08533333333335,591.6338119808304,6.916338119808305,2025-09
2025-09-26,Lead Generation,Facebook Ads,East,Returning Customer,12856,681,58,8727.9,153562.97,5.297137523335407,8.516886930983848,12.816299559471364,150.48103448275862,1659.4492375027212,17.59449237502721,2025-09
2025-10-25,Seasonal Sale,Instagram Ads,North,New Customer,43169,1424,93,25444.21,323405.69,3.298663392712363,6.530898876404495,17.868125,273.59365591397847,1171.038440572531,12.71038440572531,2025-10
2025-03-20,Product Launch,Facebook Ads,East,New Customer,33804,1037,41,7612.93,116560.22,3.0676842977162466,3.953712632594021,7.341301832208293,185.68121951219513,1431.0822508547958,15.310822508547957,2025-03
2025-01-18,Retargeting,Instagram Ads,East,Returning Customer,40790,1723,118,31641.21,293708.99,4.224074528070606,6.848520023215323,18.364022054556006,268.1458474576271,828.2482875970926,9.282482875970926,2025-01
2025-11-02,Product Launch,Google Ads,West,Returning Customer,35988,957,36,7097.05,96329.84,2.659219739913304,3.761755485893417,7.415935214211077,197.14027777777778,1257.3222677027777,13.573222677027779,2025-11
2025-09-15,Product Launch,Facebook Ads,West,Returning Customer,81448,3211,198,42627.41,486228.73,3.9423926922699146,6.166303332295235,13.275431329803801,215.28994949494952,1040.6480712762045,11.406480712762045,2025-09
2025-12-09,Product Launch,YouTube Ads,East,Returning Customer,43506,1564,37,30452.59,70243.28,3.5949064496851006,2.3657289002557547,19.47096547314578,823.042972972973,130.66438683868927,2.3066438683868924,2025-12
2025-04-17,Seasonal Sale,Facebook Ads,East,Returning Customer,92904,2568,143,13157.9,402685.12,2.764143632136399,5.568535825545172,5.123792834890965,92.01328671328672,2960.4056878377246,30.60405687837725,2025-04
2025-02-16,Brand Awareness,Email,South,Unknown,72306,3594,304,42368.47,964321.26,4.970541863745747,8.45854201446856,11.788667223149695,139.36996710526316,2176.0351270650085,22.760351270650084,2025-02
2025-09-03,Retargeting,Facebook Ads,West,New Customer,17305,773,36,11572.8,67977.06,4.466917075989598,4.657179818887451,14.971280724450192,321.46666666666664,487.3864579012857,5.873864579012858,2025-09
2025-03-30,Brand Awareness,Email,West,New Customer,14969,444,36,6367.09,121259.43,2.966130002004142,8.108108108108109,14.340292792792793,176.8636111111111,1804.4717445489227,19.044717445489226,2025-03
2025-07-22,Brand Awareness,Google Ads,South,New Customer,17404,605,80,8709.97,59790.2,3.4762123649735694,13.223140495867769,14.396644628099173,108.874625,586.4570142032636,6.864570142032636,2025-07
2025-08-28,Brand Awareness,YouTube Ads,North,New Customer,13989,432,23,3337.39,41548.38,3.0881406819644006,5.324074074074074,7.7254398148148145,145.10391304347826,1144.9363125076782,12.449363125076781,2025-08
2025-09-25,Product Launch,Facebook Ads,West,New Customer,70305,1787,125,25484.97,142944.98,2.541782234549463,6.9949636261891435,14.261315053161724,203.87976,460.89914957718213,5.608991495771821,2025-09
2025-01-13,Lead Generation,Google Ads,West,New Customer,40983,390,26,5318.9,33569.07,0.9516140838884416,6.666666666666667,13.638205128205128,204.5730769230769,531.1280527928707,6.311280527928708,2025-01
2025-05-17,Product Launch,Google Ads,North,Returning Customer,44462,1233,74,18890.61,214918.96,2.773154603931447,6.001622060016221,15.320851581508517,255.27851351351353,1037.7025940401077,11.377025940401078,2025-05
2025-11-11,Product Launch,Google Ads,West,New Customer,24360,624,46,7348.85,146465.2,2.561576354679803,7.371794871794872,11.777003205128207,159.75760869565218,1893.0356450328961,19.930356450328965,2025-11
2025-06-22,Brand Awareness,Instagram Ads,West,New Customer,90657,3329,162,31313.41,491041.08,3.6720826852862984,4.866326224091319,9.406251126464404,193.29265432098765,1468.149492501775,15.681494925017748,2025-06
2025-08-18,Product Launch,Facebook Ads,North,New Customer,31287,1301,50,19819.33,173234.34,4.158276600505002,3.843197540353574,15.233920061491162,396.38660000000004,774.067589570384,8.74067589570384,2025-08
2025-07-17,Brand Awareness,LinkedIn Ads,North,Returning Customer,70472,1618,27,23376.35,35962.83,2.2959473265977977,1.6687268232385661,14.447682323856613,865.7907407407407,53.842794106008874,1.5384279410600887,2025-07
2025-08-31,Lead Generation,Facebook Ads,East,Returning Customer,66313,2692,124,28545.22,167841.86,4.059535837618567,4.606240713224369,10.603722139673106,230.2033870967742,487.9858694380355,5.879858694380355,2025-08
2025-02-12,Retargeting,Facebook Ads,South,Returning Customer,39160,808,62,7577.93,128649.54,2.063329928498468,7.673267326732673,9.378626237623763,122.22467741935485,1597.6870992474196,16.976870992474197,2025-02
2025-11-26,Brand Awareness,Instagram Ads,South,New Customer,11789,390,12,7528.65,34027.37,3.308168631775384,3.076923076923077,19.304230769230767,627.3874999999999,351.97173464034057,4.519717346403406,2025-11
2025-10-06,Lead Generation,Email,North,New Customer,32181,835,51,6633.92,51346.19,2.5946987352785804,6.107784431137724,7.944814371257485,130.07686274509805,673.9947120254692,7.7399471202546914,2025-10
2025-03-20,Retargeting,Google Ads,North,New Customer,19385,895,46,9159.86,136544.22,4.616971885478463,5.139664804469274,10.234480446927375,199.12739130434784,1390.6802069027256,14.906802069027256,2025-03
2025-10-06,Seasonal Sale,Google Ads,West,New Customer,87597,3219,127,22940.23,280496.05,3.6747833829925685,3.9453246349798077,7.126508232370301,180.63173228346457,1122.725535009893,12.22725535009893,2025-10
2025-08-20,Brand Awareness,Google Ads,East,New Customer,70641,2355,23,32798.51,81341.09,3.3337580158831273,0.9766454352441614,13.927180467091295,1426.0221739130436,148.00239401119134,2.4800239401119133,2025-08
2025-04-11,Brand Awareness,Email,East,New Customer,49247,1261,112,19585.0,179747.65,2.560562064694296,8.881839809674862,15.531324345757335,174.86607142857142,817.7822312994639,9.177822312994639,2025-04
2025-06-11,Seasonal Sale,Email,North,New Customer,91673,2756,187,27421.82,436362.66,3.0063377439376917,6.785195936139332,9.949862119013062,146.6407486631016,1491.2972224308962,15.912972224308962,2025-06
2025-05-24,Seasonal Sale,Instagram Ads,West,Returning Customer,10544,658,80,7815.44,224077.06,6.24051593323217,12.158054711246201,11.87756838905775,97.693,2767.107418136407,28.67107418136407,2025-05
2025-04-19,Brand Awareness,LinkedIn Ads,West,Returning Customer,18275,502,41,7985.25,124073.17,2.746922024623803,8.167330677290837,15.90687250996016,194.7621951219512,1453.7794057794058,15.537794057794057,2025-04
2025-08-21,Seasonal Sale,LinkedIn Ads,South,New Customer,68248,2879,254,36378.35,326027.3,4.218438635564413,8.822507815213616,12.635758944077804,143.22185039370078,796.212445039426,8.96212445039426,2025-08
2025-04-21,Product Launch,Instagram Ads,South,New Customer,39550,1317,14,26093.0,43418.01,3.3299620733249053,1.0630220197418374,19.812452543659834,1863.7857142857142,66.39715632545128,1.6639715632545127,2025-04
2025-08-20,Retargeting,LinkedIn Ads,West,New Customer,58693,2451,26,34796.21,84502.32,4.175966469596033,1.0607915136678907,14.196740106079151,1338.315769230769,142.84920685327512,2.4284920685327513,2025-08
2025-08-26,Retargeting,Google Ads,South,New Customer,24641,1171,65,20612.14,56015.56,4.752242197962745,5.5508112724167376,17.602169086251067,317.10984615384615,171.760040442186,2.71760040442186,2025-08
2025-07-16,Retargeting,Google Ads,North,Returning Customer,76749,2278,59,37246.23,73454.7,2.9681168484279925,2.5899912203687445,16.35040825285338,631.2920338983051,97.21378512670944,1.9721378512670944,2025-07
2025-09-30,Product Launch,Facebook Ads,West,New Customer,85021,3880,147,39563.72,292728.03,4.563578410039872,3.788659793814433,10.196835051546392,269.1409523809524,639.8900558390364,7.398900558390364,2025-09
2025-03-27,Seasonal Sale,Google Ads,South,Returning Customer,20605,1573,185,10696.14,395670.35,7.634069400630914,11.760966306420851,6.799834710743801,57.81697297297297,3599.188211822209,36.99188211822209,2025-03
2025-10-22,Lead Generation,Instagram Ads,East,New Customer,55713,2424,205,34453.53,521223.14,4.350869635453126,8.457095709570957,14.213502475247525,168.066,1412.8294256060265,15.128294256060265,2025-10
2025-02-10,Seasonal Sale,YouTube Ads,West,Returning Customer,25390,1503,47,11014.85,50259.23,5.919653406853092,3.1270791749833666,7.328576180971391,234.35851063829787,356.2861046677894,4.562861046677894,2025-02
2025-02-17,Brand Awareness,Google Ads,West,New Customer,80403,3394,33,42242.63,86498.87,4.221235526037586,0.9723040659988214,12.446266941661754,1280.079696969697,104.76677233401423,2.0476677233401426,2025-02
2025-03-18,Retargeting,Google Ads,East,Returning Customer,63466,1334,39,20275.93,85200.95,2.1019128352188576,2.923538230884558,15.199347826086957,519.895641025641,320.20735916922183,4.202073591692218,2025-03
2025-06-27,Seasonal Sale,Facebook Ads,North,New Customer,8981,351,14,7510.57,20323.07,3.908250751586683,3.9886039886039883,21.397635327635328,536.4692857142857,170.59291105734985,2.7059291105734986,2025-06
2025-09-14,Lead Generation,YouTube Ads,East,Returning Customer,14493,435,20,5356.81,38658.09,3.0014489753674187,4.597701149425287,12.314505747126438,267.8405,621.6625192978656,7.216625192978656,2025-09
2025-04-27,Brand Awareness,Facebook Ads,West,New Customer,76218,1986,45,25989.84,63021.06,2.605683696764544,2.2658610271903323,13.086525679758308,577.552,142.48344737789844,2.424834473778984,2025-04
2025-01-19,Product Launch,Instagram Ads,North,New Customer,76318,2588,215,33840.0,272534.87,3.391074189575199,8.30757341576507,13.075734157650695,157.3953488372093,705.3630910165484,8.053630910165484,2025-01
2025-02-28,Product Launch,Google Ads,South,Returning Customer,21984,718,26,14993.69,53212.54,3.2660116448326053,3.6211699164345403,20.88257660167131,576.6803846153846,254.89956108202847,3.548995610820285,2025-02
2025-07-15,Lead Generation,Google Ads,South,Returning Customer,27760,530,37,8475.18,143997.42,1.909221902017291,6.981132075471698,15.99090566037736,229.05891891891892,1599.0485157837356,16.990485157837355,2025-07
2025-04-17,Brand Awareness,YouTube Ads,South,Returning Customer,96529,7300,411,131580.16,584403.32,7.562494172735655,5.63013698630137,18.024679452054794,320.14637469586376,344.1424299833652,4.441424299833653,2025-04
2025-10-11,Retargeting,YouTube Ads,West,Returning Customer,6524,307,24,5326.59,47779.52,4.70570202329859,7.81758957654723,17.350456026058634,221.94125,797.000144557775,8.970001445577752,2025-10
2025-02-03,Seasonal Sale,Google Ads,East,Returning Customer,54402,2103,103,25135.06,135643.91,3.865666703430021,4.897765097479791,11.9520019020447,244.0297087378641,439.66017984440856,5.3966017984440855,2025-02
2025-10-22,Brand Awareness,YouTube Ads,North,New Customer,96656,3513,111,29288.25,191421.91,3.634538983611985,3.159692570452605,8.337105038428694,263.8581081081081,553.5791998497691,6.535791998497691,2025-10
2025-09-08,Product Launch,Instagram Ads,South,New Customer,70614,3745,149,21990.93,248767.26,5.303480896139575,3.9786381842456606,5.872077436582109,147.59013422818794,1031.2266466220394,11.312266466220391,2025-09
2025-05-06,Lead Generation,LinkedIn Ads,North,New Customer,40891,2704,109,48566.85,290362.82,6.612702061578342,4.031065088757396,17.961113165680473,445.56743119266054,497.8621631833236,5.978621631833237,2025-05
2025-12-05,Lead Generation,Facebook Ads,West,Returning Customer,96009,4346,463,80434.26,473953.25,4.526658959055921,10.653474459272894,18.50765301426599,173.72410367170625,489.2430041626541,5.892430041626541,2025-12
2025-04-16,Seasonal Sale,Instagram Ads,South,New Customer,44832,1650,93,12696.15,289496.15,3.680406852248394,5.636363636363637,7.694636363636364,136.51774193548385,2180.188482335196,22.801884823351962,2025-04
2025-06-29,Lead Generation,Instagram Ads,West,New Customer,50836,2902,159,16551.32,126542.49,5.708552993941302,5.478980013783598,5.7034183321847,104.09635220125786,664.5462114199956,7.6454621141999555,2025-06
2025-04-20,Lead Generation,Email,East,New Customer,78953,2931,225,25475.35,778265.32,3.712335186756678,7.6765609007164795,8.691692255203002,113.22377777777777,2954.974004282571,30.54974004282571,2025-04
2025-08-16,Brand Awareness,Google Ads,West,Returning Customer,18362,762,41,12870.2,135599.11,4.149874741313583,5.380577427821522,16.89002624671916,313.90731707317076,953.5897655048094,10.535897655048094,2025-08
2025-05-01,Retargeting,Google Ads,Unknown,New Customer,71745,3588,297,33736.46,660936.71,5.001045369015262,8.277591973244148,9.402580824972128,113.5907744107744,1859.1169612935087,19.591169612935087,2025-05
2025-04-17,Seasonal Sale,Facebook Ads,East,New Customer,42921,1253,57,10013.38,57368.28,2.9193168845087483,4.549082202713488,7.991524341580207,175.67333333333332,472.91623807345775,5.729162380734578,2025-04
2025-05-11,Brand Awareness,Email,North,New Customer,75434,377,16,2538.76,38925.02,0.49977463743139694,4.244031830238726,6.734111405835544,158.6725,1433.229608155162,15.332296081551622,2025-05
2025-01-23,Retargeting,Google Ads,East,New Customer,23562,670,20,9552.01,45025.79,2.843561667091079,2.9850746268656714,14.256731343283583,477.6005,371.37502996751465,4.713750299675147,2025-01
2025-05-25,Brand Awareness,Email,East,New Customer,69510,3238,327,56068.72,1150721.26,4.658322543518918,10.098826436071649,17.31584928968499,171.4639755351682,1952.3408774090083,20.52340877409008,2025-05
2025-11-23,Brand Awareness,YouTube Ads,West,Returning Customer,81407,3707,197,33934.5,475729.0,4.553662461459088,5.314270299433504,9.154167790666307,172.25634517766497,1301.9036673591772,14.019036673591772,2025-11
2025-06-03,Lead Generation,Google Ads,North,New Customer,12610,695,17,10194.81,34467.13,5.511498810467883,2.446043165467626,14.668791366906474,599.6947058823529,238.0850648516255,3.3808506485162546,2025-06
2025-04-17,Retargeting,Email,South,Returning Customer,97918,2844,170,16710.62,478995.95,2.904471088053269,5.977496483825598,5.875745428973277,98.29776470588234,2766.416386704982,28.66416386704982,2025-04
2025-05-26,Seasonal Sale,Facebook Ads,East,New Customer,20791,1220,47,13903.56,180596.88,5.867923620797461,3.8524590163934427,11.396360655737704,295.8204255319149,1198.9254550633075,12.989254550633076,2025-05
2025-09-09,Seasonal Sale,LinkedIn Ads,North,Returning Customer,63047,2381,107,33384.81,275048.96,3.776547654924104,4.493910121797564,14.021339773204534,312.0075700934579,723.8745705007758,8.238745705007759,2025-09
2025-10-29,Retargeting,Google Ads,East,New Customer,72906,3212,201,27824.23,703389.72,4.405673058458837,6.257783312577833,8.66258717310087,138.42900497512437,2427.975509115616,25.27975509115616,2025-10
2025-03-11,Lead Generation,Email,East,New Customer,24665,1197,111,13564.97,249808.54,4.853030610176363,9.273182957393484,11.332472848788639,122.20693693693693,1741.5708991615904,18.415708991615908,2025-03
2025-01-31,Product Launch,LinkedIn Ads,East,Returning Customer,75246,1074,61,17999.72,174854.8,1.427318395662228,5.679702048417132,16.75951582867784,295.07737704918037,871.4306666992596,9.714306666992597,2025-01
2025-04-03,Brand Awareness,YouTube Ads,East,New Customer,70864,1412,52,7348.65,141310.62,1.9925491081508242,3.6827195467422094,5.204426345609065,141.3201923076923,1822.9466636729196,19.229466636729196,2025-04
2025-05-17,Lead Generation,Email,West,New Customer,51451,999,42,14870.35,98143.43,1.9416532234553265,4.2042042042042045,14.885235235235236,354.05595238095236,559.9940821836741,6.599940821836742,2025-05
2025-06-12,Retargeting,Instagram Ads,North,Returning Customer,91148,4656,332,45780.32,537642.62,5.108175714223022,7.130584192439862,9.83254295532646,137.89253012048192,1074.3968150506594,11.743968150506593,2025-06
2025-03-22,Brand Awareness,Instagram Ads,North,New Customer,50890,1547,15,14911.34,31965.54,3.0398899587345256,0.9696186166774402,9.638875242404655,994.0893333333333,114.37067359472724,2.1437067359472723,2025-03
2025-11-12,Seasonal Sale,LinkedIn Ads,North,Returning Customer,11794,771,22,13200.34,50657.09,6.537222316432084,2.853437094682231,17.1210635538262,600.0154545454545,283.755948710412,3.83755948710412,2025-11
2025-03-17,Product Launch,Instagram Ads,East,New Customer,37888,1327,80,24396.69,127434.25,3.502428209459459,6.028636021100226,18.38484551620196,304.958625,422.34237513367594,5.223423751336759,2025-03
2025-03-04,Seasonal Sale,Google Ads,West,Returning Customer,11749,151,1,6621.43,1731.48,1.2852157630436634,0.6622516556291391,43.850529801324505,6621.43,-73.85036162883245,0.26149638371167555,2025-03
2025-04-10,Retargeting,YouTube Ads,East,New Customer,51531,1283,60,10379.32,176643.44,2.4897634433641884,4.676539360872954,8.089883086515979,172.98866666666666,1601.878735793867,17.01878735793867,2025-04
2025-02-17,Brand Awareness,Email,East,New Customer,25608,941,40,12908.07,96955.64,3.6746329272102467,4.250797024442083,13.717396386822529,322.70175,651.1242191900106,7.511242191900106,2025-02
2025-03-15,Retargeting,Email,North,New Customer,85986,3673,282,42291.72,292295.84,4.271625613471961,7.67764769942826,11.514217261094473,149.97063829787234,591.1420013184614,6.911420013184614,2025-03
2025-11-10,Brand Awareness,Google Ads,East,New Customer,74211,1501,73,22210.31,240306.83,2.0226112031909014,4.863424383744171,14.79700866089274,304.25082191780825,981.9607200439794,10.819607200439794,2025-11
2025-07-11,Lead Generation,Email,South,New Customer,88996,3873,327,52748.36,1181622.37,4.351880983414985,8.443067389620449,13.619509424218952,161.30996941896024,2140.112052772826,22.401120527728256,2025-07
2025-01-30,Product Launch,Facebook Ads,East,New Customer,61017,2900,165,12909.68,324246.54,4.752773817132931,5.689655172413794,4.451613793103449,78.24048484848485,2411.654355491383,25.11654355491383,2025-01
2025-06-06,Lead Generation,Email,South,New Customer,62676,1591,158,18179.93,194813.63,2.538451719956602,9.93086109365179,11.426731615336267,115.06284810126583,971.5862492319827,10.715862492319827,2025-06
2025-09-23,Lead Generation,Google Ads,East,New Customer,16560,1068,21,16103.45,71375.67,6.44927536231884,1.9662921348314606,15.078136704119851,766.8309523809525,343.2321645361708,4.432321645361708,2025-09
2025-09-13,Retargeting,Email,West,New Customer,59401,1604,153,18059.09,516795.07,2.7002912408882005,9.53865336658354,11.258784289276807,118.03326797385621,2761.6894317487754,28.61689431748776,2025-09
2025-02-08,Product Launch,YouTube Ads,West,Returning Customer,55468,1109,49,16964.88,75370.92,1.9993509771399725,4.418394950405771,15.29745716862038,346.22204081632657,344.2761752514606,4.442761752514606,2025-02
2025-02-24,Brand Awareness,Google Ads,North,New Customer,37463,451,41,6198.29,44841.3,1.2038544697434803,9.090909090909092,13.743436807095344,151.1778048780488,623.4463053519601,7.2344630535196,2025-02
2025-01-28,Brand Awareness,YouTube Ads,East,New Customer,36663,1954,165,19321.69,293467.41,5.3296238714780575,8.444216990788126,9.888275332650972,117.10115151515151,1418.8495933844297,15.188495933844296,2025-01
2025-04-28,Seasonal Sale,Facebook Ads,South,New Customer,73706,2605,26,46458.16,75182.9,3.534311996309663,0.998080614203455,17.834226487523992,1786.852307692308,61.829267452692896,1.6182926745269288,2025-04
2025-07-28,Brand Awareness,LinkedIn Ads,South,New Customer,63773,1773,118,17678.95,146925.55,2.7801734276261114,6.655386350817823,9.971206993795827,149.82161016949152,731.0762234182458,8.310762234182459,2025-07
2025-03-16,Retargeting,LinkedIn Ads,East,Returning Customer,38123,491,39,4933.31,78118.58,1.2879364163365947,7.942973523421588,10.047474541751528,126.49512820512821,1483.4922192199558,15.834922192199556,2025-03
2025-03-06,Lead Generation,Instagram Ads,South,New Customer,99346,2897,255,36745.79,435223.44,2.9160711050268757,8.802209181912323,12.68408353469106,144.10113725490197,1084.417153638553,11.844171536385529,2025-03
2025-12-03,Lead Generation,Email,West,Returning Customer,14718,1040,26,22450.76,81235.08,7.066177469764915,2.5,21.58726923076923,863.4907692307692,261.8366594271197,3.6183665942711967,2025-12
2025-12-22,Lead Generation,LinkedIn Ads,South,New Customer,67637,338,23,10236.3,46671.42,0.4997264810680545,6.804733727810651,30.28491124260355,445.0565217391304,355.9403300020515,4.559403300020516,2025-12
2025-04-10,Product Launch,Facebook Ads,North,Returning Customer,5028,128,7,5659.51,16466.73,2.5457438345266508,5.46875,44.214921875,808.5014285714286,190.95681428250856,2.9095681428250852,2025-04
2025-02-15,Brand Awareness,Facebook Ads,West,New Customer,67370,4169,274,20510.13,1054458.04,6.188214338726436,6.572319501079396,4.919676181338451,74.85448905109489,5041.157272040694,51.41157272040694,2025-02
2025-11-12,Retargeting,Email,West,Returning Customer,52599,2826,226,51007.48,325829.83,5.372725717218958,7.9971691436659595,18.049355980184007,225.69681415929205,538.7883306526808,6.387883306526807,2025-11
2025-06-05,Product Launch,LinkedIn Ads,West,New Customer,22397,592,49,10613.55,88718.05,2.6432111443496895,8.277027027027026,17.928293918918918,216.60306122448978,735.894210702357,8.35894210702357,2025-06
2025-08-28,Seasonal Sale,Email,East,New Customer,50406,1918,74,21013.99,229119.4,3.8051025671547034,3.8581856100104277,10.956199165797706,283.97283783783786,990.3184021692216,10.903184021692214,2025-08
2025-12-19,Retargeting,LinkedIn Ads,East,New Customer,52657,2208,136,37967.21,207818.97,4.193174696621531,6.159420289855073,17.19529438405797,279.17066176470587,447.3643441274722,5.473643441274721,2025-12
2025-09-16,Retargeting,Facebook Ads,West,New Customer,72560,2685,150,28582.89,510116.12,3.700385887541345,5.58659217877095,10.645396648044693,190.55259999999998,1684.690491409371,17.846904914093713,2025-09
2025-05-16,Retargeting,LinkedIn Ads,East,Returning Customer,18503,1142,55,7247.37,61581.9,6.171972112630384,4.816112084063047,6.346208406304728,131.77036363636364,749.7137582322968,8.497137582322967,2025-05
2025-07-17,Lead Generation,Google Ads,South,New Customer,59943,2403,123,41020.39,129207.03,4.008808367949552,5.118601747815231,17.070491052850603,333.4991056910569,214.98245141014016,3.1498245141014016,2025-07
2025-07-06,Retargeting,Instagram Ads,East,New Customer,80839,4206,251,50810.29,905147.13,5.202934227291283,5.967665240133143,12.080430337612935,202.43143426294822,1681.4248452429617,17.814248452429617,2025-07
2025-04-26,Brand Awareness,Google Ads,East,Returning Customer,87674,3307,132,31826.43,313258.19,3.77192782352807,3.991533111581494,9.623958270335653,241.1093181818182,884.2705889413296,9.842705889413295,2025-04
2025-02-27,Retargeting,Facebook Ads,West,New Customer,30345,151,11,3584.49,31947.2,0.49761080902949417,7.28476821192053,23.738344370860926,325.8627272727272,791.2620763344297,8.912620763344298,2025-02
2025-03-11,Lead Generation,Facebook Ads,North,Returning Customer,55390,947,82,13405.37,129211.37,1.7096948907745082,8.658922914466736,14.155617740232314,163.48012195121953,863.87768483824,9.6387768483824,2025-03
2025-04-03,Retargeting,Facebook Ads,North,Returning Customer,64557,1305,45,13907.17,55332.6,2.0214693991356474,3.4482758620689653,10.656835249042146,309.04822222222225,297.8710262404213,3.978710262404213,2025-04
2025-08-17,Seasonal Sale,Email,North,New Customer,70054,2189,192,20345.12,614044.76,3.1247323493305164,8.771128369118319,9.294253083599816,105.96416666666666,2918.1427290672164,30.181427290672165,2025-08
2025-05-17,Seasonal Sale,Facebook Ads,South,Returning Customer,6906,457,15,7792.34,28471.31,6.617434115262092,3.282275711159737,17.051072210065644,519.4893333333333,265.3756124604419,3.6537561246044192,2025-05
2025-04-15,Lead Generation,Facebook Ads,East,New Customer,45167,1826,141,31066.95,282078.55,4.042774592069431,7.721796276013143,17.01366374589266,220.33297872340427,807.9698843948311,9.07969884394831,2025-04
2025-11-01,Brand Awareness,Google Ads,North,New Customer,12961,433,38,9165.79,29112.36,3.3407916055859888,8.775981524249422,21.168106235565823,241.205,217.61975781683844,3.1761975781683844,2025-11
2025-12-05,Brand Awareness,Facebook Ads,West,New Customer,31140,1668,87,27538.3,173292.31,5.35645472061657,5.215827338129497,16.509772182254196,316.53218390804597,529.2774426889097,6.292774426889096,2025-12
2025-01-17,Product Launch,Google Ads,North,New Customer,63701,842,29,15621.64,72194.65,1.3218002857098006,3.44418052256532,18.553016627078385,538.6772413793103,362.1451396908391,4.621451396908391,2025-01
2025-02-23,Lead Generation,Google Ads,North,Returning Customer,82567,2283,91,34558.61,292538.27,2.7650271900396044,3.9859833552343407,15.13736749890495,379.7649450549451,746.4989477296685,8.464989477296685,2025-02
2025-04-22,Retargeting,Instagram Ads,East,Returning Customer,85664,2179,139,18258.68,419474.17,2.5436589465819948,6.3790729692519506,8.379385039008719,131.35741007194244,2197.3959234731096,22.973959234731097,2025-04
2025-06-21,Lead Generation,Email,East,New Customer,86199,3531,367,58344.18,934513.62,4.0963352243065465,10.39365618804871,16.52341546304163,158.97596730245232,1501.7255191520387,16.017255191520388,2025-06
2025-11-01,Product Launch,Instagram Ads,East,New Customer,86218,4176,52,43603.24,99224.57,4.843536152543552,1.2452107279693485,10.441388888888888,838.5238461538461,127.56237839206447,2.275623783920645,2025-11
2025-05-24,Lead Generation,Instagram Ads,South,Returning Customer,85729,3606,207,20452.72,429088.8,4.206277922290007,5.740432612312811,5.671858014420411,98.80541062801933,1997.9546974681114,20.979546974681117,2025-05
2025-03-26,Lead Generation,Facebook Ads,South,New Customer,33561,1419,74,13798.99,211456.3,4.2281219272369714,5.214940098661029,9.724446793516561,186.47283783783783,1432.4041832047128,15.324041832047127,2025-03
2025-01-12,Product Launch,LinkedIn Ads,North,New Customer,55568,1643,71,25609.67,118046.33,2.9567376907572704,4.321363359707851,15.587139379184418,360.6995774647887,360.9443620319981,4.609443620319981,2025-01
